﻿ix,Path_compared,Pic_compared,I3S_optimal_score,I3S_optimal_match,I3S_direct_score,I3S_direct_match,Wild-ID_score,Wild-ID_1/score,Wild-ID_match
0,C:\Users\nicod\Documents\Nicolas\Universite\These\donnees\identification individuelle\Humbolt penguin\I3S Pattern_analyses\datasets\final_I3S_crop_test-unknown\Adam\Adam_005.fgp,Adam,1511,Adam,2133,Yakou,0.137502,7.272621489,Adam
1,C:\Users\nicod\Documents\Nicolas\Universite\These\donnees\identification individuelle\Humbolt penguin\I3S Pattern_analyses\datasets\final_I3S_crop_test-unknown\Adam\Adam_009.fgp,Adam,879,Adam,1266,Adam,0.079126,12.63807092,Adam
2,C:\Users\nicod\Documents\Nicolas\Universite\These\donnees\identification individuelle\Humbolt penguin\I3S Pattern_analyses\datasets\final_I3S_crop_test-unknown\Adam\Adam_012.fgp,Adam,1012,Adam,1186,Adam,0.100002,9.999800004,Adam
3,C:\Users\nicod\Documents\Nicolas\Universite\These\donnees\identification individuelle\Humbolt penguin\I3S Pattern_analyses\datasets\final_I3S_crop_test-unknown\Adam\Adam_018.fgp,Adam,2296,Adam,1628,Adam,0.100003,9.999700009,Inox
4,C:\Users\nicod\Documents\Nicolas\Universite\These\donnees\identification individuelle\Humbolt penguin\I3S Pattern_analyses\datasets\final_I3S_crop_test-unknown\Adam\Adam_022.fgp,Adam,1150,Adam,864,Adam,0.285715,3.49999125,Adam
5,C:\Users\nicod\Documents\Nicolas\Universite\These\donnees\identification individuelle\Humbolt penguin\I3S Pattern_analyses\datasets\final_I3S_crop_test-unknown\Adam\Adam_024.fgp,Adam,1974,Adam,778,Adam,0.361765,2.764225395,Adam
6,C:\Users\nicod\Documents\Nicolas\Universite\These\donnees\identification individuelle\Humbolt penguin\I3S Pattern_analyses\datasets\final_I3S_crop_test-unknown\Adam\Adam_025.fgp,Adam,1187,Adam,2574,Adam,0.175004,5.714155105,Adam
7,C:\Users\nicod\Documents\Nicolas\Universite\These\donnees\identification individuelle\Humbolt penguin\I3S Pattern_analyses\datasets\final_I3S_crop_test-unknown\Adam\Adam_029.fgp,Adam,773,Adam,1179,Adam,0.375002,2.666652445,Adam
8,C:\Users\nicod\Documents\Nicolas\Universite\These\donnees\identification individuelle\Humbolt penguin\I3S Pattern_analyses\datasets\final_I3S_crop_test-unknown\Adam\Adam_037.fgp,Adam,1191,Adam,1284,Adam,0.175003,5.714187757,Adam
9,C:\Users\nicod\Documents\Nicolas\Universite\These\donnees\identification individuelle\Humbolt penguin\I3S Pattern_analyses\datasets\final_I3S_crop_test-unknown\Adam\Adam_048.fgp,Adam,3075,Pedro,2484,Adam,0.05,20,Styrbjorn
10,C:\Users\nicod\Documents\Nicolas\Universite\These\donnees\identification individuelle\Humbolt penguin\I3S Pattern_analyses\datasets\final_I3S_crop_test-unknown\Albert\Albert_000.fgp,Albert,1864,Albert,2045,Albert,0.079416,12.59192102,Albert
11,C:\Users\nicod\Documents\Nicolas\Universite\These\donnees\identification individuelle\Humbolt penguin\I3S Pattern_analyses\datasets\final_I3S_crop_test-unknown\Albert\Albert_004.fgp,Albert,1252,Albert,2506,Albert,0.108827,9.188896138,Albert
12,C:\Users\nicod\Documents\Nicolas\Universite\These\donnees\identification individuelle\Humbolt penguin\I3S Pattern_analyses\datasets\final_I3S_crop_test-unknown\Albert\Albert_006.fgp,Albert,1291,Albert,1337,Albert,0.272732,3.666603112,Albert
13,C:\Users\nicod\Documents\Nicolas\Universite\These\donnees\identification individuelle\Humbolt penguin\I3S Pattern_analyses\datasets\final_I3S_crop_test-unknown\Albert\Albert_018.fgp,Albert,1179,Albert,1326,Albert,0.142161,7.034278037,Albert
14,C:\Users\nicod\Documents\Nicolas\Universite\These\donnees\identification individuelle\Humbolt penguin\I3S Pattern_analyses\datasets\final_I3S_crop_test-unknown\Albert\Albert_028.fgp,Albert,3343,Albert,5365,Bayrou,0.164838,6.066562322,Albert
15,C:\Users\nicod\Documents\Nicolas\Universite\These\donnees\identification individuelle\Humbolt penguin\I3S Pattern_analyses\datasets\final_I3S_crop_test-unknown\Albert\Albert_029.fgp,Albert,828,Albert,1426,Albert,0.285716,3.499979,Albert
16,C:\Users\nicod\Documents\Nicolas\Universite\These\donnees\identification individuelle\Humbolt penguin\I3S Pattern_analyses\datasets\final_I3S_crop_test-unknown\Albert\Albert_035.fgp,Albert,800,Albert,1678,Albert,0.100004,9.999600016,Pedro
17,C:\Users\nicod\Documents\Nicolas\Universite\These\donnees\identification individuelle\Humbolt penguin\I3S Pattern_analyses\datasets\final_I3S_crop_test-unknown\Albert\Albert_043.fgp,Albert,4581,Albert,6502,Styrbjorn,0.017858,55.99731213,Turtle
18,C:\Users\nicod\Documents\Nicolas\Universite\These\donnees\identification individuelle\Humbolt penguin\I3S Pattern_analyses\datasets\final_I3S_crop_test-unknown\Albert\Albert_048.fgp,Albert,1414,Albert,1775,Albert,0.05,20,Pedro
19,C:\Users\nicod\Documents\Nicolas\Universite\These\donnees\identification individuelle\Humbolt penguin\I3S Pattern_analyses\datasets\final_I3S_crop_test-unknown\Anoki\Anoki_005.fgp,Anoki,956,Anoki,1312,Anoki,0.118132,8.46510683,Anoki
20,C:\Users\nicod\Documents\Nicolas\Universite\These\donnees\identification individuelle\Humbolt penguin\I3S Pattern_analyses\datasets\final_I3S_crop_test-unknown\Anoki\Anoki_009.fgp,Anoki,1001,Anoki,2796,Anoki,0.028572,34.99930001,Nina
21,C:\Users\nicod\Documents\Nicolas\Universite\These\donnees\identification individuelle\Humbolt penguin\I3S Pattern_analyses\datasets\final_I3S_crop_test-unknown\Anoki\Anoki_016.fgp,Anoki,1440,Anoki,2615,Anoki,0.121217,8.249667951,Skiper
22,C:\Users\nicod\Documents\Nicolas\Universite\These\donnees\identification individuelle\Humbolt penguin\I3S Pattern_analyses\datasets\final_I3S_crop_test-unknown\Anoki\Anoki_021.fgp,Anoki,1407,Anoki,1604,Anoki,0.09441,10.59209829,Anoki
23,C:\Users\nicod\Documents\Nicolas\Universite\These\donnees\identification individuelle\Humbolt penguin\I3S Pattern_analyses\datasets\final_I3S_crop_test-unknown\Anoki\Anoki_030.fgp,Anoki,954,Anoki,2308,Anoki,0.250005,3.999920002,Herbert
24,C:\Users\nicod\Documents\Nicolas\Universite\These\donnees\identification individuelle\Humbolt penguin\I3S Pattern_analyses\datasets\final_I3S_crop_test-unknown\Anoki\Anoki_032.fgp,Anoki,2251,Anoki,6186,Pedro,0.150005,6.666444452,Bayrou
25,C:\Users\nicod\Documents\Nicolas\Universite\These\donnees\identification individuelle\Humbolt penguin\I3S Pattern_analyses\datasets\final_I3S_crop_test-unknown\Anoki\Anoki_039.fgp,Anoki,1590,Anoki,3168,Anoki,0.060607,16.49974425,Anoki
26,C:\Users\nicod\Documents\Nicolas\Universite\These\donnees\identification individuelle\Humbolt penguin\I3S Pattern_analyses\datasets\final_I3S_crop_test-unknown\Anoki\Anoki_043.fgp,Anoki,2058,Anoki,3522,Albert,0.250004,3.999936001,Karin
27,C:\Users\nicod\Documents\Nicolas\Universite\These\donnees\identification individuelle\Humbolt penguin\I3S Pattern_analyses\datasets\final_I3S_crop_test-unknown\Anoki\Anoki_044.fgp,Anoki,1209,Anoki,1937,Anoki,0.103575,9.654839488,Anoki
28,C:\Users\nicod\Documents\Nicolas\Universite\These\donnees\identification individuelle\Humbolt penguin\I3S Pattern_analyses\datasets\final_I3S_crop_test-unknown\Anoki\Anoki_052.fgp,Anoki,1383,Anoki,2270,Anoki,0.14286,6.999860003,Karin
29,C:\Users\nicod\Documents\Nicolas\Universite\These\donnees\identification individuelle\Humbolt penguin\I3S Pattern_analyses\datasets\final_I3S_crop_test-unknown\Aponi\Aponi_003.fgp,Aponi,3965,Aponi,2735,Adam,0.057144,17.49965001,Aponi
30,C:\Users\nicod\Documents\Nicolas\Universite\These\donnees\identification individuelle\Humbolt penguin\I3S Pattern_analyses\datasets\final_I3S_crop_test-unknown\Aponi\Aponi_021.fgp,Aponi,2164,Aponi,2743,Albert,0.066178,15.11076188,Aponi
31,C:\Users\nicod\Documents\Nicolas\Universite\These\donnees\identification individuelle\Humbolt penguin\I3S Pattern_analyses\datasets\final_I3S_crop_test-unknown\Aponi\Aponi_023.fgp,Aponi,1791,Aponi,2950,Aponi,0.227277,4.399917282,Aponi
32,C:\Users\nicod\Documents\Nicolas\Universite\These\donnees\identification individuelle\Humbolt penguin\I3S Pattern_analyses\datasets\final_I3S_crop_test-unknown\Aponi\Aponi_024.fgp,Aponi,5538,Skiper,10351,Albert,0.028573,34.99807511,Adam
33,C:\Users\nicod\Documents\Nicolas\Universite\These\donnees\identification individuelle\Humbolt penguin\I3S Pattern_analyses\datasets\final_I3S_crop_test-unknown\Aponi\Aponi_033.fgp,Aponi,2687,Aponi,3950,Aponi,0.018182,54.99945001,Turtle
34,C:\Users\nicod\Documents\Nicolas\Universite\These\donnees\identification individuelle\Humbolt penguin\I3S Pattern_analyses\datasets\final_I3S_crop_test-unknown\Aponi\Aponi_036.fgp,Aponi,1694,Aponi,3605,Aponi,0.035543,28.13493515,Aponi
35,C:\Users\nicod\Documents\Nicolas\Universite\These\donnees\identification individuelle\Humbolt penguin\I3S Pattern_analyses\datasets\final_I3S_crop_test-unknown\Aponi\Aponi_042.fgp,Aponi,1279,Aponi,1825,Aponi,0.200004,4.999900002,Yakou
36,C:\Users\nicod\Documents\Nicolas\Universite\These\donnees\identification individuelle\Humbolt penguin\I3S Pattern_analyses\datasets\final_I3S_crop_test-unknown\Aponi\Aponi_044.fgp,Aponi,2817,Aponi,2089,Aponi,0.057143,17.49995625,Aponi
37,C:\Users\nicod\Documents\Nicolas\Universite\These\donnees\identification individuelle\Humbolt penguin\I3S Pattern_analyses\datasets\final_I3S_crop_test-unknown\Aria\Aria_014.fgp,Aria,4572,Pansar,5300,Anoki,0.042427,23.56989653,Yobi
38,C:\Users\nicod\Documents\Nicolas\Universite\These\donnees\identification individuelle\Humbolt penguin\I3S Pattern_analyses\datasets\final_I3S_crop_test-unknown\Aria\Aria_016.fgp,Aria,3935,Nina,4062,Herbert,0.200001,4.999975,Albert
39,C:\Users\nicod\Documents\Nicolas\Universite\These\donnees\identification individuelle\Humbolt penguin\I3S Pattern_analyses\datasets\final_I3S_crop_test-unknown\Aria\Aria_018.fgp,Aria,5403,Herbert,5935,Yakou,0.08485,11.78550383,Wolf
40,C:\Users\nicod\Documents\Nicolas\Universite\These\donnees\identification individuelle\Humbolt penguin\I3S Pattern_analyses\datasets\final_I3S_crop_test-unknown\Aria\Aria_020.fgp,Aria,4560,Aponi,3145,Skiper,0.200004,4.999900002,Inox
41,C:\Users\nicod\Documents\Nicolas\Universite\These\donnees\identification individuelle\Humbolt penguin\I3S Pattern_analyses\datasets\final_I3S_crop_test-unknown\Aria\Aria_022.fgp,Aria,5405,Karin,5799,Yobi,0.008336,119.9616123,Pansar
42,C:\Users\nicod\Documents\Nicolas\Universite\These\donnees\identification individuelle\Humbolt penguin\I3S Pattern_analyses\datasets\final_I3S_crop_test-unknown\Aria\Aria_024.fgp,Aria,4033,Herbert,2692,Lima,0.100003,9.999700009,Styrbjorn
43,C:\Users\nicod\Documents\Nicolas\Universite\These\donnees\identification individuelle\Humbolt penguin\I3S Pattern_analyses\datasets\final_I3S_crop_test-unknown\Aria\Aria_026.fgp,Aria,4590,Lima,4218,Styrbjorn,0.047622,20.99869808,Yobi
44,C:\Users\nicod\Documents\Nicolas\Universite\These\donnees\identification individuelle\Humbolt penguin\I3S Pattern_analyses\datasets\final_I3S_crop_test-unknown\Aria\Aria_028.fgp,Aria,4817,Yobi,7664,Aponi,0.017857,56.000448,Herbert
45,C:\Users\nicod\Documents\Nicolas\Universite\These\donnees\identification individuelle\Humbolt penguin\I3S Pattern_analyses\datasets\final_I3S_crop_test-unknown\Aria\Aria_030.fgp,Aria,5760,Lima,6142,Skiper,0.008795,113.7009665,Yobi
46,C:\Users\nicod\Documents\Nicolas\Universite\These\donnees\identification individuelle\Humbolt penguin\I3S Pattern_analyses\datasets\final_I3S_crop_test-unknown\Aria\Aria_032.fgp,Aria,5303,Yakou,6771,Styrbjorn,0.100004,9.999600016,Yobi
47,C:\Users\nicod\Documents\Nicolas\Universite\These\donnees\identification individuelle\Humbolt penguin\I3S Pattern_analyses\datasets\final_I3S_crop_test-unknown\Aria\Aria_034.fgp,Aria,4790,Nina,2629,Sarkozy,0.021983,45.48969658,Wolf
48,C:\Users\nicod\Documents\Nicolas\Universite\These\donnees\identification individuelle\Humbolt penguin\I3S Pattern_analyses\datasets\final_I3S_crop_test-unknown\Aria\Aria_036.fgp,Aria,3397,Pansar,1767,Styrbjorn,0.250004,3.999936001,Karin
49,C:\Users\nicod\Documents\Nicolas\Universite\These\donnees\identification individuelle\Humbolt penguin\I3S Pattern_analyses\datasets\final_I3S_crop_test-unknown\Aria\Aria_038.fgp,Aria,4592,Karin,5486,Yobi,0.047622,20.99869808,Sarkozy
50,C:\Users\nicod\Documents\Nicolas\Universite\These\donnees\identification individuelle\Humbolt penguin\I3S Pattern_analyses\datasets\final_I3S_crop_test-unknown\Aria\Aria_040.fgp,Aria,4894,Turtle,4969,Lima,0.250005,3.999920002,Anoki
51,C:\Users\nicod\Documents\Nicolas\Universite\These\donnees\identification individuelle\Humbolt penguin\I3S Pattern_analyses\datasets\final_I3S_crop_test-unknown\Aria\Aria_042.fgp,Aria,4620,Karin,3017,Inox,0.045457,21.99881206,Albert
52,C:\Users\nicod\Documents\Nicolas\Universite\These\donnees\identification individuelle\Humbolt penguin\I3S Pattern_analyses\datasets\final_I3S_crop_test-unknown\Aria\Aria_044.fgp,Aria,5651,Karin,3375,Yobi,0.028575,34.99562555,Yakou
53,C:\Users\nicod\Documents\Nicolas\Universite\These\donnees\identification individuelle\Humbolt penguin\I3S Pattern_analyses\datasets\final_I3S_crop_test-unknown\Aria\Aria_046.fgp,Aria,4646,Herbert,2945,Nina,0.031471,31.77528518,Bayrou
54,C:\Users\nicod\Documents\Nicolas\Universite\These\donnees\identification individuelle\Humbolt penguin\I3S Pattern_analyses\datasets\final_I3S_crop_test-unknown\Aria\Aria_048.fgp,Aria,5044,Inox,3407,Karin,0.023814,41.99210548,Aponi
55,C:\Users\nicod\Documents\Nicolas\Universite\These\donnees\identification individuelle\Humbolt penguin\I3S Pattern_analyses\datasets\final_I3S_crop_test-unknown\Aria\Aria_050.fgp,Aria,4605,Yakou,2566,Pansar,0.100003,9.999700009,Styrbjorn
56,C:\Users\nicod\Documents\Nicolas\Universite\These\donnees\identification individuelle\Humbolt penguin\I3S Pattern_analyses\datasets\final_I3S_crop_test-unknown\Aria\Aria_052.fgp,Aria,5203,Aponi,4348,Karin,0.016515,60.55101423,Aponi
57,C:\Users\nicod\Documents\Nicolas\Universite\These\donnees\identification individuelle\Humbolt penguin\I3S Pattern_analyses\datasets\final_I3S_crop_test-unknown\Aria\Aria_054.fgp,Aria,3209,Pansar,10548,Styrbjorn,0.028574,34.99685028,Pedro
58,C:\Users\nicod\Documents\Nicolas\Universite\These\donnees\identification individuelle\Humbolt penguin\I3S Pattern_analyses\datasets\final_I3S_crop_test-unknown\Aria\Aria_056.fgp,Aria,4143,Yakou,3422,Styrbjorn,0.089289,11.19958786,Adam
59,C:\Users\nicod\Documents\Nicolas\Universite\These\donnees\identification individuelle\Humbolt penguin\I3S Pattern_analyses\datasets\final_I3S_crop_test-unknown\Aria\Aria_058.fgp,Aria,4657,Karin,3785,Yakou,0.095241,10.49967976,Yobi
60,C:\Users\nicod\Documents\Nicolas\Universite\These\donnees\identification individuelle\Humbolt penguin\I3S Pattern_analyses\datasets\final_I3S_crop_test-unknown\Aria\Aria_060.fgp,Aria,4992,Skiper,3656,Karin,0.041668,23.99923202,Nina
61,C:\Users\nicod\Documents\Nicolas\Universite\These\donnees\identification individuelle\Humbolt penguin\I3S Pattern_analyses\datasets\final_I3S_crop_test-unknown\Baya\Baya_013.fgp,Baya,2878,Yobi,3638,Sarkozy,0.100002,9.999800004,Pansar
62,C:\Users\nicod\Documents\Nicolas\Universite\These\donnees\identification individuelle\Humbolt penguin\I3S Pattern_analyses\datasets\final_I3S_crop_test-unknown\Baya\Baya_015.fgp,Baya,3313,Nina,2560,Yobi,0.119052,8.399690891,Inox
63,C:\Users\nicod\Documents\Nicolas\Universite\These\donnees\identification individuelle\Humbolt penguin\I3S Pattern_analyses\datasets\final_I3S_crop_test-unknown\Baya\Baya_017.fgp,Baya,4323,Inox,6057,Aponi,0.100003,9.999700009,Lima
64,C:\Users\nicod\Documents\Nicolas\Universite\These\donnees\identification individuelle\Humbolt penguin\I3S Pattern_analyses\datasets\final_I3S_crop_test-unknown\Baya\Baya_019.fgp,Baya,4428,Lima,3484,Pansar,0.047621,20.99913904,Skiper
65,C:\Users\nicod\Documents\Nicolas\Universite\These\donnees\identification individuelle\Humbolt penguin\I3S Pattern_analyses\datasets\final_I3S_crop_test-unknown\Baya\Baya_021.fgp,Baya,3495,Sarkozy,3285,Sarkozy,0.100003,9.999700009,Yobi
66,C:\Users\nicod\Documents\Nicolas\Universite\These\donnees\identification individuelle\Humbolt penguin\I3S Pattern_analyses\datasets\final_I3S_crop_test-unknown\Baya\Baya_023.fgp,Baya,4168,Lima,3931,Anoki,0.050002,19.99920003,Karin
67,C:\Users\nicod\Documents\Nicolas\Universite\These\donnees\identification individuelle\Humbolt penguin\I3S Pattern_analyses\datasets\final_I3S_crop_test-unknown\Baya\Baya_025.fgp,Baya,4811,Pansar,3389,Lima,0.083336,11.99961601,Lima
68,C:\Users\nicod\Documents\Nicolas\Universite\These\donnees\identification individuelle\Humbolt penguin\I3S Pattern_analyses\datasets\final_I3S_crop_test-unknown\Baya\Baya_027.fgp,Baya,3966,Albert,3660,Herbert,0.100004,9.999600016,Karin
69,C:\Users\nicod\Documents\Nicolas\Universite\These\donnees\identification individuelle\Humbolt penguin\I3S Pattern_analyses\datasets\final_I3S_crop_test-unknown\Baya\Baya_029.fgp,Baya,3353,Nina,3375,Aponi,0.008333,120.0048002,Bayrou
70,C:\Users\nicod\Documents\Nicolas\Universite\These\donnees\identification individuelle\Humbolt penguin\I3S Pattern_analyses\datasets\final_I3S_crop_test-unknown\Baya\Baya_031.fgp,Baya,4776,Yobi,5130,Yobi,0.071429,13.999916,Aponi
71,C:\Users\nicod\Documents\Nicolas\Universite\These\donnees\identification individuelle\Humbolt penguin\I3S Pattern_analyses\datasets\final_I3S_crop_test-unknown\Baya\Baya_033.fgp,Baya,3138,Yakou,4555,Adam,0.100005,9.999500025,Karin
72,C:\Users\nicod\Documents\Nicolas\Universite\These\donnees\identification individuelle\Humbolt penguin\I3S Pattern_analyses\datasets\final_I3S_crop_test-unknown\Baya\Baya_035.fgp,Baya,4092,Aponi,3885,Anoki,0.100005,9.999500025,Karin
73,C:\Users\nicod\Documents\Nicolas\Universite\These\donnees\identification individuelle\Humbolt penguin\I3S Pattern_analyses\datasets\final_I3S_crop_test-unknown\Baya\Baya_037.fgp,Baya,4335,Yobi,2889,Nina,0.250004,3.999936001,Aponi
74,C:\Users\nicod\Documents\Nicolas\Universite\These\donnees\identification individuelle\Humbolt penguin\I3S Pattern_analyses\datasets\final_I3S_crop_test-unknown\Baya\Baya_039.fgp,Baya,4780,Lima,3179,Albert,0.050002,19.99920003,Nina
75,C:\Users\nicod\Documents\Nicolas\Universite\These\donnees\identification individuelle\Humbolt penguin\I3S Pattern_analyses\datasets\final_I3S_crop_test-unknown\Baya\Baya_041.fgp,Baya,3221,Yakou,2649,Skiper,0.250003,3.999952001,Nina
76,C:\Users\nicod\Documents\Nicolas\Universite\These\donnees\identification individuelle\Humbolt penguin\I3S Pattern_analyses\datasets\final_I3S_crop_test-unknown\Baya\Baya_043.fgp,Baya,4496,Styrbjorn,3525,Aponi,0.038464,25.99833611,Styrbjorn
77,C:\Users\nicod\Documents\Nicolas\Universite\These\donnees\identification individuelle\Humbolt penguin\I3S Pattern_analyses\datasets\final_I3S_crop_test-unknown\Baya\Baya_045.fgp,Baya,4555,Yakou,4992,Yakou,0.011905,83.99832003,Pansar
78,C:\Users\nicod\Documents\Nicolas\Universite\These\donnees\identification individuelle\Humbolt penguin\I3S Pattern_analyses\datasets\final_I3S_crop_test-unknown\Baya\Baya_047.fgp,Baya,3845,Aponi,3386,Aponi,0.050004,19.99840013,Yakou
79,C:\Users\nicod\Documents\Nicolas\Universite\These\donnees\identification individuelle\Humbolt penguin\I3S Pattern_analyses\datasets\final_I3S_crop_test-unknown\Baya\Baya_049.fgp,Baya,4453,Anoki,5914,Styrbjorn,0.006063,164.9348507,Sarkozy
80,C:\Users\nicod\Documents\Nicolas\Universite\These\donnees\identification individuelle\Humbolt penguin\I3S Pattern_analyses\datasets\final_I3S_crop_test-unknown\Baya\Baya_051.fgp,Baya,2938,Yobi,2468,Nina,0.196431,5.09084615,Nina
81,C:\Users\nicod\Documents\Nicolas\Universite\These\donnees\identification individuelle\Humbolt penguin\I3S Pattern_analyses\datasets\final_I3S_crop_test-unknown\Baya\Baya_053.fgp,Baya,3575,Karin,3825,Yakou,0.071433,13.99913205,Yobi
82,C:\Users\nicod\Documents\Nicolas\Universite\These\donnees\identification individuelle\Humbolt penguin\I3S Pattern_analyses\datasets\final_I3S_crop_test-unknown\Baya\Baya_055.fgp,Baya,5275,Karin,4483,Wolf,0.005884,169.9524133,Skiper
83,C:\Users\nicod\Documents\Nicolas\Universite\These\donnees\identification individuelle\Humbolt penguin\I3S Pattern_analyses\datasets\final_I3S_crop_test-unknown\Baya\Baya_057.fgp,Baya,3664,Pansar,2782,Styrbjorn,0.100005,9.999500025,Nina
84,C:\Users\nicod\Documents\Nicolas\Universite\These\donnees\identification individuelle\Humbolt penguin\I3S Pattern_analyses\datasets\final_I3S_crop_test-unknown\Baya\Baya_059.fgp,Baya,2859,Karin,2613,Nina,0.083338,11.99932804,Pedro
85,C:\Users\nicod\Documents\Nicolas\Universite\These\donnees\identification individuelle\Humbolt penguin\I3S Pattern_analyses\datasets\final_I3S_crop_test-unknown\Bayrou\Bayrou_005.fgp,Bayrou,744,Bayrou,621,Bayrou,0.21429,4.666573335,Bayrou
86,C:\Users\nicod\Documents\Nicolas\Universite\These\donnees\identification individuelle\Humbolt penguin\I3S Pattern_analyses\datasets\final_I3S_crop_test-unknown\Bayrou\Bayrou_009.fgp,Bayrou,2150,Bayrou,1123,Bayrou,0.103094,9.699885541,Bayrou
87,C:\Users\nicod\Documents\Nicolas\Universite\These\donnees\identification individuelle\Humbolt penguin\I3S Pattern_analyses\datasets\final_I3S_crop_test-unknown\Bayrou\Bayrou_012.fgp,Bayrou,629,Bayrou,1831,Bayrou,0.234742,4.259996081,Bayrou
88,C:\Users\nicod\Documents\Nicolas\Universite\These\donnees\identification individuelle\Humbolt penguin\I3S Pattern_analyses\datasets\final_I3S_crop_test-unknown\Bayrou\Bayrou_018.fgp,Bayrou,709,Bayrou,1292,Bayrou,0.116884,8.555490914,Bayrou
89,C:\Users\nicod\Documents\Nicolas\Universite\These\donnees\identification individuelle\Humbolt penguin\I3S Pattern_analyses\datasets\final_I3S_crop_test-unknown\Bayrou\Bayrou_026.fgp,Bayrou,130,Bayrou,157,Bayrou,0.588237,1.69999507,Bayrou
90,C:\Users\nicod\Documents\Nicolas\Universite\These\donnees\identification individuelle\Humbolt penguin\I3S Pattern_analyses\datasets\final_I3S_crop_test-unknown\Bayrou\Bayrou_028.fgp,Bayrou,1514,Bayrou,2156,Bayrou,0.073217,13.65803024,Bayrou
91,C:\Users\nicod\Documents\Nicolas\Universite\These\donnees\identification individuelle\Humbolt penguin\I3S Pattern_analyses\datasets\final_I3S_crop_test-unknown\Bayrou\Bayrou_029.fgp,Bayrou,1210,Bayrou,1221,Bayrou,0.118136,8.464820207,Bayrou
92,C:\Users\nicod\Documents\Nicolas\Universite\These\donnees\identification individuelle\Humbolt penguin\I3S Pattern_analyses\datasets\final_I3S_crop_test-unknown\Bayrou\Bayrou_033.fgp,Bayrou,3488,Anoki,2945,Bayrou,0.100004,9.999600016,Yakou
93,C:\Users\nicod\Documents\Nicolas\Universite\These\donnees\identification individuelle\Humbolt penguin\I3S Pattern_analyses\datasets\final_I3S_crop_test-unknown\Bayrou\Bayrou_041.fgp,Bayrou,604,Bayrou,504,Bayrou,0.119479,8.369671658,Bayrou
94,C:\Users\nicod\Documents\Nicolas\Universite\These\donnees\identification individuelle\Humbolt penguin\I3S Pattern_analyses\datasets\final_I3S_crop_test-unknown\Bayrou\Bayrou_052.fgp,Bayrou,3186,Bayrou,2831,Pansar,0.050002,19.99920003,Pedro
95,C:\Users\nicod\Documents\Nicolas\Universite\These\donnees\identification individuelle\Humbolt penguin\I3S Pattern_analyses\datasets\final_I3S_crop_test-unknown\Cissou\Cissou_037.fgp,Cissou,3092,Wolf,3107,Skiper,0.057148,17.49842514,Inox
96,C:\Users\nicod\Documents\Nicolas\Universite\These\donnees\identification individuelle\Humbolt penguin\I3S Pattern_analyses\datasets\final_I3S_crop_test-unknown\Cissou\Cissou_039.fgp,Cissou,3633,Wolf,2738,Wolf,0.059526,16.79938178,Inox
97,C:\Users\nicod\Documents\Nicolas\Universite\These\donnees\identification individuelle\Humbolt penguin\I3S Pattern_analyses\datasets\final_I3S_crop_test-unknown\Cissou\Cissou_041.fgp,Cissou,3443,Anoki,3610,Wolf,0.028574,34.99685028,Turtle
98,C:\Users\nicod\Documents\Nicolas\Universite\These\donnees\identification individuelle\Humbolt penguin\I3S Pattern_analyses\datasets\final_I3S_crop_test-unknown\Cissou\Cissou_043.fgp,Cissou,4018,Turtle,2736,Skiper,0.11429,8.749671887,Pansar
99,C:\Users\nicod\Documents\Nicolas\Universite\These\donnees\identification individuelle\Humbolt penguin\I3S Pattern_analyses\datasets\final_I3S_crop_test-unknown\Cissou\Cissou_045.fgp,Cissou,2017,Turtle,2194,Turtle,0.500004,1.999984,Albert
100,C:\Users\nicod\Documents\Nicolas\Universite\These\donnees\identification individuelle\Humbolt penguin\I3S Pattern_analyses\datasets\final_I3S_crop_test-unknown\Cissou\Cissou_047.fgp,Cissou,3534,Sarkozy,4100,Pansar,0.028574,34.99685028,Turtle
101,C:\Users\nicod\Documents\Nicolas\Universite\These\donnees\identification individuelle\Humbolt penguin\I3S Pattern_analyses\datasets\final_I3S_crop_test-unknown\Cissou\Cissou_049.fgp,Cissou,4237,Herbert,7082,Wolf,0.008336,119.9616123,Styrbjorn
102,C:\Users\nicod\Documents\Nicolas\Universite\These\donnees\identification individuelle\Humbolt penguin\I3S Pattern_analyses\datasets\final_I3S_crop_test-unknown\Cissou\Cissou_051.fgp,Cissou,3748,Nina,3728,Pansar,0.057146,17.49903755,Karin
103,C:\Users\nicod\Documents\Nicolas\Universite\These\donnees\identification individuelle\Humbolt penguin\I3S Pattern_analyses\datasets\final_I3S_crop_test-unknown\Cissou\Cissou_053.fgp,Cissou,2927,Nina,2797,Wolf,0.100003,9.999700009,Pedro
104,C:\Users\nicod\Documents\Nicolas\Universite\These\donnees\identification individuelle\Humbolt penguin\I3S Pattern_analyses\datasets\final_I3S_crop_test-unknown\Cissou\Cissou_055.fgp,Cissou,3070,Sarkozy,3210,Anoki,0.100002,9.999800004,Karin
105,C:\Users\nicod\Documents\Nicolas\Universite\These\donnees\identification individuelle\Humbolt penguin\I3S Pattern_analyses\datasets\final_I3S_crop_test-unknown\Cissou\Cissou_057.fgp,Cissou,10256,Yakou,15024,Skiper,0.006062,164.9620587,Adam
106,C:\Users\nicod\Documents\Nicolas\Universite\These\donnees\identification individuelle\Humbolt penguin\I3S Pattern_analyses\datasets\final_I3S_crop_test-unknown\Cissou\Cissou_059.fgp,Cissou,3111,Pansar,3887,Sarkozy,0.05,20,Turtle
107,C:\Users\nicod\Documents\Nicolas\Universite\These\donnees\identification individuelle\Humbolt penguin\I3S Pattern_analyses\datasets\final_I3S_crop_test-unknown\Cissou\Cissou_061.fgp,Cissou,3154,Anoki,2891,Anoki,0.114288,8.749825004,Turtle
108,C:\Users\nicod\Documents\Nicolas\Universite\These\donnees\identification individuelle\Humbolt penguin\I3S Pattern_analyses\datasets\final_I3S_crop_test-unknown\Cissou\Cissou_063.fgp,Cissou,2811,Herbert,6678,Bayrou,0.047619,21.000021,Anoki
109,C:\Users\nicod\Documents\Nicolas\Universite\These\donnees\identification individuelle\Humbolt penguin\I3S Pattern_analyses\datasets\final_I3S_crop_test-unknown\Cissou\Cissou_065.fgp,Cissou,2951,Karin,2834,Sarkozy,0.035719,27.99630449,Pedro
110,C:\Users\nicod\Documents\Nicolas\Universite\These\donnees\identification individuelle\Humbolt penguin\I3S Pattern_analyses\datasets\final_I3S_crop_test-unknown\Cissou\Cissou_067.fgp,Cissou,3468,Sarkozy,4970,Herbert,0.028576,34.9944009,Skiper
111,C:\Users\nicod\Documents\Nicolas\Universite\These\donnees\identification individuelle\Humbolt penguin\I3S Pattern_analyses\datasets\final_I3S_crop_test-unknown\Cissou\Cissou_069.fgp,Cissou,2422,Skiper,4311,Skiper,0.047622,20.99869808,Inox
112,C:\Users\nicod\Documents\Nicolas\Universite\These\donnees\identification individuelle\Humbolt penguin\I3S Pattern_analyses\datasets\final_I3S_crop_test-unknown\Cissou\Cissou_071.fgp,Cissou,2856,Sarkozy,3319,Bayrou,0.013741,72.77490721,Skiper
113,C:\Users\nicod\Documents\Nicolas\Universite\These\donnees\identification individuelle\Humbolt penguin\I3S Pattern_analyses\datasets\final_I3S_crop_test-unknown\Cissou\Cissou_073.fgp,Cissou,2796,Sarkozy,3006,Anoki,0.028576,34.9944009,Herbert
114,C:\Users\nicod\Documents\Nicolas\Universite\These\donnees\identification individuelle\Humbolt penguin\I3S Pattern_analyses\datasets\final_I3S_crop_test-unknown\Cissou\Cissou_075.fgp,Cissou,3811,Albert,7787,Albert,0.028575,34.99562555,Pansar
115,C:\Users\nicod\Documents\Nicolas\Universite\These\donnees\identification individuelle\Humbolt penguin\I3S Pattern_analyses\datasets\final_I3S_crop_test-unknown\Cissou\Cissou_077.fgp,Cissou,3059,Anoki,3568,Anoki,0.035718,27.9970883,Turtle
116,C:\Users\nicod\Documents\Nicolas\Universite\These\donnees\identification individuelle\Humbolt penguin\I3S Pattern_analyses\datasets\final_I3S_crop_test-unknown\Cissou\Cissou_079.fgp,Cissou,2833,Anoki,3740,Anoki,0.035719,27.99630449,Yobi
117,C:\Users\nicod\Documents\Nicolas\Universite\These\donnees\identification individuelle\Humbolt penguin\I3S Pattern_analyses\datasets\final_I3S_crop_test-unknown\Cissou\Cissou_081.fgp,Cissou,4136,Skiper,3669,Anoki,0.012122,82.49463785,Aponi
118,C:\Users\nicod\Documents\Nicolas\Universite\These\donnees\identification individuelle\Humbolt penguin\I3S Pattern_analyses\datasets\final_I3S_crop_test-unknown\Cissou\Cissou_083.fgp,Cissou,4036,Anoki,5375,Turtle,0.028575,34.99562555,Herbert
119,C:\Users\nicod\Documents\Nicolas\Universite\These\donnees\identification individuelle\Humbolt penguin\I3S Pattern_analyses\datasets\final_I3S_crop_test-unknown\Cissou\Cissou_085.fgp,Cissou,2226,Turtle,2259,Skiper,0.2,5,Pedro
120,C:\Users\nicod\Documents\Nicolas\Universite\These\donnees\identification individuelle\Humbolt penguin\I3S Pattern_analyses\datasets\final_I3S_crop_test-unknown\Erena\Erena_016.fgp,Erena,3443,Anoki,3807,Sarkozy,0.064289,15.55476053,Turtle
121,C:\Users\nicod\Documents\Nicolas\Universite\These\donnees\identification individuelle\Humbolt penguin\I3S Pattern_analyses\datasets\final_I3S_crop_test-unknown\Erena\Erena_018.fgp,Erena,4131,Yakou,3990,Inox,0.071431,13.99952402,Skiper
122,C:\Users\nicod\Documents\Nicolas\Universite\These\donnees\identification individuelle\Humbolt penguin\I3S Pattern_analyses\datasets\final_I3S_crop_test-unknown\Erena\Erena_020.fgp,Erena,3746,Sarkozy,5982,Wolf,0.017862,55.98477214,Turtle
123,C:\Users\nicod\Documents\Nicolas\Universite\These\donnees\identification individuelle\Humbolt penguin\I3S Pattern_analyses\datasets\final_I3S_crop_test-unknown\Erena\Erena_022.fgp,Erena,3584,Sarkozy,3410,Sarkozy,0.017861,55.98790661,Pedro
124,C:\Users\nicod\Documents\Nicolas\Universite\These\donnees\identification individuelle\Humbolt penguin\I3S Pattern_analyses\datasets\final_I3S_crop_test-unknown\Erena\Erena_024.fgp,Erena,7783,Pansar,7641,Nina,0.017862,55.98477214,Wolf
125,C:\Users\nicod\Documents\Nicolas\Universite\These\donnees\identification individuelle\Humbolt penguin\I3S Pattern_analyses\datasets\final_I3S_crop_test-unknown\Erena\Erena_026.fgp,Erena,3583,Skiper,3010,Herbert,0.083337,11.99947202,Anoki
126,C:\Users\nicod\Documents\Nicolas\Universite\These\donnees\identification individuelle\Humbolt penguin\I3S Pattern_analyses\datasets\final_I3S_crop_test-unknown\Erena\Erena_028.fgp,Erena,4311,Sarkozy,12074,Adam,0.000005,200000,Yakou
127,C:\Users\nicod\Documents\Nicolas\Universite\These\donnees\identification individuelle\Humbolt penguin\I3S Pattern_analyses\datasets\final_I3S_crop_test-unknown\Erena\Erena_030.fgp,Erena,3899,Styrbjorn,2734,Adam,0.050002,19.99920003,Lima
128,C:\Users\nicod\Documents\Nicolas\Universite\These\donnees\identification individuelle\Humbolt penguin\I3S Pattern_analyses\datasets\final_I3S_crop_test-unknown\Erena\Erena_032.fgp,Erena,4490,Pansar,5050,Styrbjorn,0.050003,19.99880007,Skiper
129,C:\Users\nicod\Documents\Nicolas\Universite\These\donnees\identification individuelle\Humbolt penguin\I3S Pattern_analyses\datasets\final_I3S_crop_test-unknown\Erena\Erena_034.fgp,Erena,3439,Skiper,2917,Skiper,0.100003,9.999700009,Herbert
130,C:\Users\nicod\Documents\Nicolas\Universite\These\donnees\identification individuelle\Humbolt penguin\I3S Pattern_analyses\datasets\final_I3S_crop_test-unknown\Erena\Erena_036.fgp,Erena,5398,Nina,7832,Lima,0.016671,59.98440405,Nina
131,C:\Users\nicod\Documents\Nicolas\Universite\These\donnees\identification individuelle\Humbolt penguin\I3S Pattern_analyses\datasets\final_I3S_crop_test-unknown\Erena\Erena_038.fgp,Erena,4435,Sarkozy,4782,Anoki,0.019785,50.54334091,Inox
132,C:\Users\nicod\Documents\Nicolas\Universite\These\donnees\identification individuelle\Humbolt penguin\I3S Pattern_analyses\datasets\final_I3S_crop_test-unknown\Erena\Erena_040.fgp,Erena,3257,Yobi,4906,Anoki,0.057147,17.49873134,Albert
133,C:\Users\nicod\Documents\Nicolas\Universite\These\donnees\identification individuelle\Humbolt penguin\I3S Pattern_analyses\datasets\final_I3S_crop_test-unknown\Erena\Erena_042.fgp,Erena,3034,Styrbjorn,2688,Sarkozy,0.089288,11.19971329,Inox
134,C:\Users\nicod\Documents\Nicolas\Universite\These\donnees\identification individuelle\Humbolt penguin\I3S Pattern_analyses\datasets\final_I3S_crop_test-unknown\Erena\Erena_044.fgp,Erena,3342,Nina,7005,Yobi,0.023813,41.9938689,Anoki
135,C:\Users\nicod\Documents\Nicolas\Universite\These\donnees\identification individuelle\Humbolt penguin\I3S Pattern_analyses\datasets\final_I3S_crop_test-unknown\Erena\Erena_046.fgp,Erena,3500,Sarkozy,3309,Sarkozy,0.300004,3.33328889,Nina
136,C:\Users\nicod\Documents\Nicolas\Universite\These\donnees\identification individuelle\Humbolt penguin\I3S Pattern_analyses\datasets\final_I3S_crop_test-unknown\Erena\Erena_048.fgp,Erena,3251,Yakou,2814,Karin,0.100001,9.999900001,Adam
137,C:\Users\nicod\Documents\Nicolas\Universite\These\donnees\identification individuelle\Humbolt penguin\I3S Pattern_analyses\datasets\final_I3S_crop_test-unknown\Erena\Erena_050.fgp,Erena,4208,Pansar,2916,Skiper,0.048486,20.62451017,Anoki
138,C:\Users\nicod\Documents\Nicolas\Universite\These\donnees\identification individuelle\Humbolt penguin\I3S Pattern_analyses\datasets\final_I3S_crop_test-unknown\Erena\Erena_052.fgp,Erena,3693,Karin,2066,Anoki,0.013737,72.79609813,Anoki
139,C:\Users\nicod\Documents\Nicolas\Universite\These\donnees\identification individuelle\Humbolt penguin\I3S Pattern_analyses\datasets\final_I3S_crop_test-unknown\Erena\Erena_054.fgp,Erena,3821,Sarkozy,3368,Skiper,0.035717,27.99787216,Pedro
140,C:\Users\nicod\Documents\Nicolas\Universite\These\donnees\identification individuelle\Humbolt penguin\I3S Pattern_analyses\datasets\final_I3S_crop_test-unknown\Erena\Erena_056.fgp,Erena,4639,Anoki,3418,Nina,0.050003,19.99880007,Karin
141,C:\Users\nicod\Documents\Nicolas\Universite\These\donnees\identification individuelle\Humbolt penguin\I3S Pattern_analyses\datasets\final_I3S_crop_test-unknown\Erena\Erena_058.fgp,Erena,3343,Sarkozy,2998,Anoki,0.028574,34.99685028,Yakou
142,C:\Users\nicod\Documents\Nicolas\Universite\These\donnees\identification individuelle\Humbolt penguin\I3S Pattern_analyses\datasets\final_I3S_crop_test-unknown\Erena\Erena_060.fgp,Erena,5396,Aponi,3723,Adam,0.011909,83.97010664,Aponi
143,C:\Users\nicod\Documents\Nicolas\Universite\These\donnees\identification individuelle\Humbolt penguin\I3S Pattern_analyses\datasets\final_I3S_crop_test-unknown\Floyd\Floyd_037.fgp,Floyd,3579,Nina,5315,Sarkozy,0.028573,34.99807511,Karin
144,C:\Users\nicod\Documents\Nicolas\Universite\These\donnees\identification individuelle\Humbolt penguin\I3S Pattern_analyses\datasets\final_I3S_crop_test-unknown\Floyd\Floyd_039.fgp,Floyd,3429,Nina,3199,Inox,0.250004,3.999936001,Adam
145,C:\Users\nicod\Documents\Nicolas\Universite\These\donnees\identification individuelle\Humbolt penguin\I3S Pattern_analyses\datasets\final_I3S_crop_test-unknown\Floyd\Floyd_041.fgp,Floyd,3578,Anoki,2182,Yobi,0.028572,34.99930001,Albert
146,C:\Users\nicod\Documents\Nicolas\Universite\These\donnees\identification individuelle\Humbolt penguin\I3S Pattern_analyses\datasets\final_I3S_crop_test-unknown\Floyd\Floyd_043.fgp,Floyd,4261,Anoki,3667,Pansar,0.200003,4.999925001,Wolf
147,C:\Users\nicod\Documents\Nicolas\Universite\These\donnees\identification individuelle\Humbolt penguin\I3S Pattern_analyses\datasets\final_I3S_crop_test-unknown\Floyd\Floyd_045.fgp,Floyd,2826,Wolf,2094,Inox,0.250001,3.999984,Skiper
148,C:\Users\nicod\Documents\Nicolas\Universite\These\donnees\identification individuelle\Humbolt penguin\I3S Pattern_analyses\datasets\final_I3S_crop_test-unknown\Floyd\Floyd_047.fgp,Floyd,3254,Skiper,2744,Wolf,0.050005,19.9980002,Styrbjorn
149,C:\Users\nicod\Documents\Nicolas\Universite\These\donnees\identification individuelle\Humbolt penguin\I3S Pattern_analyses\datasets\final_I3S_crop_test-unknown\Floyd\Floyd_049.fgp,Floyd,3643,Nina,2873,Bayrou,0.130952,7.636385851,Skiper
150,C:\Users\nicod\Documents\Nicolas\Universite\These\donnees\identification individuelle\Humbolt penguin\I3S Pattern_analyses\datasets\final_I3S_crop_test-unknown\Floyd\Floyd_051.fgp,Floyd,2983,Anoki,1900,Aponi,0.119048,8.39997312,Styrbjorn
151,C:\Users\nicod\Documents\Nicolas\Universite\These\donnees\identification individuelle\Humbolt penguin\I3S Pattern_analyses\datasets\final_I3S_crop_test-unknown\Floyd\Floyd_053.fgp,Floyd,3383,Lima,2285,Nina,0.100004,9.999600016,Bayrou
152,C:\Users\nicod\Documents\Nicolas\Universite\These\donnees\identification individuelle\Humbolt penguin\I3S Pattern_analyses\datasets\final_I3S_crop_test-unknown\Floyd\Floyd_055.fgp,Floyd,2754,Anoki,2317,Inox,0.250004,3.999936001,Yobi
153,C:\Users\nicod\Documents\Nicolas\Universite\These\donnees\identification individuelle\Humbolt penguin\I3S Pattern_analyses\datasets\final_I3S_crop_test-unknown\Floyd\Floyd_057.fgp,Floyd,4279,Bayrou,2794,Wolf,0.050004,19.99840013,Wolf
154,C:\Users\nicod\Documents\Nicolas\Universite\These\donnees\identification individuelle\Humbolt penguin\I3S Pattern_analyses\datasets\final_I3S_crop_test-unknown\Floyd\Floyd_059.fgp,Floyd,3355,Lima,3076,Wolf,0.035718,27.9970883,Yobi
155,C:\Users\nicod\Documents\Nicolas\Universite\These\donnees\identification individuelle\Humbolt penguin\I3S Pattern_analyses\datasets\final_I3S_crop_test-unknown\Floyd\Floyd_061.fgp,Floyd,3468,Nina,3280,Nina,0.200003,4.999925001,Adam
156,C:\Users\nicod\Documents\Nicolas\Universite\These\donnees\identification individuelle\Humbolt penguin\I3S Pattern_analyses\datasets\final_I3S_crop_test-unknown\Floyd\Floyd_063.fgp,Floyd,2530,Skiper,3159,Skiper,0.028573,34.99807511,Pansar
157,C:\Users\nicod\Documents\Nicolas\Universite\These\donnees\identification individuelle\Humbolt penguin\I3S Pattern_analyses\datasets\final_I3S_crop_test-unknown\Floyd\Floyd_065.fgp,Floyd,3117,Albert,3968,Skiper,0.057145,17.49934377,Pedro
158,C:\Users\nicod\Documents\Nicolas\Universite\These\donnees\identification individuelle\Humbolt penguin\I3S Pattern_analyses\datasets\final_I3S_crop_test-unknown\Floyd\Floyd_067.fgp,Floyd,3365,Anoki,3119,Inox,0.04849,20.62280883,Nina
159,C:\Users\nicod\Documents\Nicolas\Universite\These\donnees\identification individuelle\Humbolt penguin\I3S Pattern_analyses\datasets\final_I3S_crop_test-unknown\Floyd\Floyd_069.fgp,Floyd,2992,Nina,2433,Skiper,0.083337,11.99947202,Inox
160,C:\Users\nicod\Documents\Nicolas\Universite\These\donnees\identification individuelle\Humbolt penguin\I3S Pattern_analyses\datasets\final_I3S_crop_test-unknown\Floyd\Floyd_071.fgp,Floyd,2573,Nina,3365,Skiper,0.250005,3.999920002,Yakou
161,C:\Users\nicod\Documents\Nicolas\Universite\These\donnees\identification individuelle\Humbolt penguin\I3S Pattern_analyses\datasets\final_I3S_crop_test-unknown\Floyd\Floyd_073.fgp,Floyd,3310,Sarkozy,3281,Skiper,0.050001,19.99960001,Sarkozy
162,C:\Users\nicod\Documents\Nicolas\Universite\These\donnees\identification individuelle\Humbolt penguin\I3S Pattern_analyses\datasets\final_I3S_crop_test-unknown\Floyd\Floyd_075.fgp,Floyd,3029,Sarkozy,4104,Wolf,0.01786,55.99104143,Pedro
163,C:\Users\nicod\Documents\Nicolas\Universite\These\donnees\identification individuelle\Humbolt penguin\I3S Pattern_analyses\datasets\final_I3S_crop_test-unknown\Floyd\Floyd_077.fgp,Floyd,4247,Yakou,3595,Sarkozy,0.057145,17.49934377,Herbert
164,C:\Users\nicod\Documents\Nicolas\Universite\These\donnees\identification individuelle\Humbolt penguin\I3S Pattern_analyses\datasets\final_I3S_crop_test-unknown\Floyd\Floyd_079.fgp,Floyd,2891,Sarkozy,2592,Sarkozy,0.016668,59.99520038,Turtle
165,C:\Users\nicod\Documents\Nicolas\Universite\These\donnees\identification individuelle\Humbolt penguin\I3S Pattern_analyses\datasets\final_I3S_crop_test-unknown\Floyd\Floyd_081.fgp,Floyd,3860,Nina,2801,Pansar,0.097906,10.21387862,Yobi
166,C:\Users\nicod\Documents\Nicolas\Universite\These\donnees\identification individuelle\Humbolt penguin\I3S Pattern_analyses\datasets\final_I3S_crop_test-unknown\Floyd\Floyd_083.fgp,Floyd,3877,Skiper,9024,Bayrou,0.011908,83.97715821,Aponi
167,C:\Users\nicod\Documents\Nicolas\Universite\These\donnees\identification individuelle\Humbolt penguin\I3S Pattern_analyses\datasets\final_I3S_crop_test-unknown\Floyd\Floyd_085.fgp,Floyd,3192,Inox,4115,Anoki,0.028576,34.9944009,Bayrou
168,C:\Users\nicod\Documents\Nicolas\Universite\These\donnees\identification individuelle\Humbolt penguin\I3S Pattern_analyses\datasets\final_I3S_crop_test-unknown\Gaya\Gaya_018.fgp,Gaya,3794,Styrbjorn,3269,Skiper,0.028573,34.99807511,Yakou
169,C:\Users\nicod\Documents\Nicolas\Universite\These\donnees\identification individuelle\Humbolt penguin\I3S Pattern_analyses\datasets\final_I3S_crop_test-unknown\Gaya\Gaya_020.fgp,Gaya,2464,Sarkozy,3120,Inox,0.200002,4.999950001,Yakou
170,C:\Users\nicod\Documents\Nicolas\Universite\These\donnees\identification individuelle\Humbolt penguin\I3S Pattern_analyses\datasets\final_I3S_crop_test-unknown\Gaya\Gaya_022.fgp,Gaya,4124,Anoki,3057,Nina,0.028576,34.9944009,Styrbjorn
171,C:\Users\nicod\Documents\Nicolas\Universite\These\donnees\identification individuelle\Humbolt penguin\I3S Pattern_analyses\datasets\final_I3S_crop_test-unknown\Gaya\Gaya_024.fgp,Gaya,3181,Styrbjorn,6097,Turtle,0.050004,19.99840013,Sarkozy
172,C:\Users\nicod\Documents\Nicolas\Universite\These\donnees\identification individuelle\Humbolt penguin\I3S Pattern_analyses\datasets\final_I3S_crop_test-unknown\Gaya\Gaya_026.fgp,Gaya,3913,Lima,3789,Sarkozy,0.011907,83.98421097,Nina
173,C:\Users\nicod\Documents\Nicolas\Universite\These\donnees\identification individuelle\Humbolt penguin\I3S Pattern_analyses\datasets\final_I3S_crop_test-unknown\Gaya\Gaya_028.fgp,Gaya,3287,Lima,2439,Yobi,0.1,10,Yobi
174,C:\Users\nicod\Documents\Nicolas\Universite\These\donnees\identification individuelle\Humbolt penguin\I3S Pattern_analyses\datasets\final_I3S_crop_test-unknown\Gaya\Gaya_030.fgp,Gaya,2885,Styrbjorn,3878,Adam,0.250001,3.999984,Anoki
175,C:\Users\nicod\Documents\Nicolas\Universite\These\donnees\identification individuelle\Humbolt penguin\I3S Pattern_analyses\datasets\final_I3S_crop_test-unknown\Gaya\Gaya_032.fgp,Gaya,3744,Pansar,2383,Nina,0.500001,1.999996,Yobi
176,C:\Users\nicod\Documents\Nicolas\Universite\These\donnees\identification individuelle\Humbolt penguin\I3S Pattern_analyses\datasets\final_I3S_crop_test-unknown\Gaya\Gaya_034.fgp,Gaya,4763,Nina,6072,Lima,0.050001,19.99960001,Adam
177,C:\Users\nicod\Documents\Nicolas\Universite\These\donnees\identification individuelle\Humbolt penguin\I3S Pattern_analyses\datasets\final_I3S_crop_test-unknown\Gaya\Gaya_036.fgp,Gaya,5746,Skiper,9297,Pansar,0.01667,59.9880024,Sarkozy
178,C:\Users\nicod\Documents\Nicolas\Universite\These\donnees\identification individuelle\Humbolt penguin\I3S Pattern_analyses\datasets\final_I3S_crop_test-unknown\Gaya\Gaya_038.fgp,Gaya,4476,Nina,7658,Wolf,0.008337,119.9472232,Nina
179,C:\Users\nicod\Documents\Nicolas\Universite\These\donnees\identification individuelle\Humbolt penguin\I3S Pattern_analyses\datasets\final_I3S_crop_test-unknown\Gaya\Gaya_040.fgp,Gaya,4425,Anoki,5867,Styrbjorn,0.01786,55.99104143,Karin
180,C:\Users\nicod\Documents\Nicolas\Universite\These\donnees\identification individuelle\Humbolt penguin\I3S Pattern_analyses\datasets\final_I3S_crop_test-unknown\Gaya\Gaya_042.fgp,Gaya,3705,Sarkozy,3428,Anoki,0.100004,9.999600016,Nina
181,C:\Users\nicod\Documents\Nicolas\Universite\These\donnees\identification individuelle\Humbolt penguin\I3S Pattern_analyses\datasets\final_I3S_crop_test-unknown\Gaya\Gaya_044.fgp,Gaya,3822,Karin,3161,Herbert,0.100005,9.999500025,Adam
182,C:\Users\nicod\Documents\Nicolas\Universite\These\donnees\identification individuelle\Humbolt penguin\I3S Pattern_analyses\datasets\final_I3S_crop_test-unknown\Gaya\Gaya_046.fgp,Gaya,4126,Styrbjorn,3277,Aponi,0.019231,51.99937601,Nina
183,C:\Users\nicod\Documents\Nicolas\Universite\These\donnees\identification individuelle\Humbolt penguin\I3S Pattern_analyses\datasets\final_I3S_crop_test-unknown\Gaya\Gaya_048.fgp,Gaya,2641,Anoki,2823,Styrbjorn,0.050004,19.99840013,Herbert
184,C:\Users\nicod\Documents\Nicolas\Universite\These\donnees\identification individuelle\Humbolt penguin\I3S Pattern_analyses\datasets\final_I3S_crop_test-unknown\Gaya\Gaya_050.fgp,Gaya,3077,Sarkozy,3140,Turtle,0.114287,8.749901564,Anoki
185,C:\Users\nicod\Documents\Nicolas\Universite\These\donnees\identification individuelle\Humbolt penguin\I3S Pattern_analyses\datasets\final_I3S_crop_test-unknown\Gaya\Gaya_052.fgp,Gaya,3250,Nina,3477,Inox,0.008336,119.9616123,Wolf
186,C:\Users\nicod\Documents\Nicolas\Universite\These\donnees\identification individuelle\Humbolt penguin\I3S Pattern_analyses\datasets\final_I3S_crop_test-unknown\Gaya\Gaya_054.fgp,Gaya,4411,Inox,6212,Nina,0.012126,82.46742537,Yakou
187,C:\Users\nicod\Documents\Nicolas\Universite\These\donnees\identification individuelle\Humbolt penguin\I3S Pattern_analyses\datasets\final_I3S_crop_test-unknown\Gaya\Gaya_056.fgp,Gaya,2411,Sarkozy,2970,Adam,0.050001,19.99960001,Styrbjorn
188,C:\Users\nicod\Documents\Nicolas\Universite\These\donnees\identification individuelle\Humbolt penguin\I3S Pattern_analyses\datasets\final_I3S_crop_test-unknown\Gaya\Gaya_058.fgp,Gaya,5849,Nina,6569,Yakou,0.250004,3.999936001,Albert
189,C:\Users\nicod\Documents\Nicolas\Universite\These\donnees\identification individuelle\Humbolt penguin\I3S Pattern_analyses\datasets\final_I3S_crop_test-unknown\Gaya\Gaya_060.fgp,Gaya,3009,Nina,2602,Nina,0.400002,2.4999875,Nina
190,C:\Users\nicod\Documents\Nicolas\Universite\These\donnees\identification individuelle\Humbolt penguin\I3S Pattern_analyses\datasets\final_I3S_crop_test-unknown\Gaya\Gaya_062.fgp,Gaya,2264,Nina,4160,Styrbjorn,0.047623,20.99825714,Styrbjorn
191,C:\Users\nicod\Documents\Nicolas\Universite\These\donnees\identification individuelle\Humbolt penguin\I3S Pattern_analyses\datasets\final_I3S_crop_test-unknown\Gaya\Gaya_064.fgp,Gaya,2648,Sarkozy,2631,Styrbjorn,0.028576,34.9944009,Lima
192,C:\Users\nicod\Documents\Nicolas\Universite\These\donnees\identification individuelle\Humbolt penguin\I3S Pattern_analyses\datasets\final_I3S_crop_test-unknown\Gaya\Gaya_066.fgp,Gaya,3442,Sarkozy,2959,Yobi,0.030304,32.99894403,Albert
193,C:\Users\nicod\Documents\Nicolas\Universite\These\donnees\identification individuelle\Humbolt penguin\I3S Pattern_analyses\datasets\final_I3S_crop_test-unknown\Gaya\Gaya_068.fgp,Gaya,3730,Karin,3564,Anoki,0.100003,9.999700009,Aponi
194,C:\Users\nicod\Documents\Nicolas\Universite\These\donnees\identification individuelle\Humbolt penguin\I3S Pattern_analyses\datasets\final_I3S_crop_test-unknown\Herbert\Herbert_003.fgp,Herbert,2507,Herbert,2911,Herbert,0.029003,34.47919181,Herbert
195,C:\Users\nicod\Documents\Nicolas\Universite\These\donnees\identification individuelle\Humbolt penguin\I3S Pattern_analyses\datasets\final_I3S_crop_test-unknown\Herbert\Herbert_020.fgp,Herbert,1008,Herbert,1957,Herbert,0.142861,6.999811005,Aponi
196,C:\Users\nicod\Documents\Nicolas\Universite\These\donnees\identification individuelle\Humbolt penguin\I3S Pattern_analyses\datasets\final_I3S_crop_test-unknown\Herbert\Herbert_022.fgp,Herbert,1756,Herbert,1331,Herbert,0.218186,4.583245488,Herbert
197,C:\Users\nicod\Documents\Nicolas\Universite\These\donnees\identification individuelle\Humbolt penguin\I3S Pattern_analyses\datasets\final_I3S_crop_test-unknown\Herbert\Herbert_023.fgp,Herbert,958,Herbert,2034,Herbert,0.114291,8.749595331,Herbert
198,C:\Users\nicod\Documents\Nicolas\Universite\These\donnees\identification individuelle\Humbolt penguin\I3S Pattern_analyses\datasets\final_I3S_crop_test-unknown\Herbert\Herbert_032.fgp,Herbert,3727,Herbert,5217,Pedro,0.028574,34.99685028,Sarkozy
199,C:\Users\nicod\Documents\Nicolas\Universite\These\donnees\identification individuelle\Humbolt penguin\I3S Pattern_analyses\datasets\final_I3S_crop_test-unknown\Herbert\Herbert_035.fgp,Herbert,1376,Herbert,2959,Herbert,0.011908,83.97715821,Karin
200,C:\Users\nicod\Documents\Nicolas\Universite\These\donnees\identification individuelle\Humbolt penguin\I3S Pattern_analyses\datasets\final_I3S_crop_test-unknown\Herbert\Herbert_041.fgp,Herbert,1037,Herbert,1735,Herbert,0.574715,1.739992866,Herbert
201,C:\Users\nicod\Documents\Nicolas\Universite\These\donnees\identification individuelle\Humbolt penguin\I3S Pattern_analyses\datasets\final_I3S_crop_test-unknown\Herbert\Herbert_043.fgp,Herbert,1291,Herbert,2472,Herbert,0.047622,20.99869808,Yobi
202,C:\Users\nicod\Documents\Nicolas\Universite\These\donnees\identification individuelle\Humbolt penguin\I3S Pattern_analyses\datasets\final_I3S_crop_test-unknown\Inox\Inox_005.fgp,Inox,1879,Inox,1866,Inox,0.200001,4.999975,Wolf
203,C:\Users\nicod\Documents\Nicolas\Universite\These\donnees\identification individuelle\Humbolt penguin\I3S Pattern_analyses\datasets\final_I3S_crop_test-unknown\Inox\Inox_012.fgp,Inox,1166,Inox,1019,Inox,0.250004,3.999936001,Styrbjorn
204,C:\Users\nicod\Documents\Nicolas\Universite\These\donnees\identification individuelle\Humbolt penguin\I3S Pattern_analyses\datasets\final_I3S_crop_test-unknown\Inox\Inox_018.fgp,Inox,1532,Inox,2300,Inox,0.250001,3.999984,Karin
205,C:\Users\nicod\Documents\Nicolas\Universite\These\donnees\identification individuelle\Humbolt penguin\I3S Pattern_analyses\datasets\final_I3S_crop_test-unknown\Inox\Inox_036.fgp,Inox,3352,Inox,4670,Inox,0.041668,23.99923202,Inox
206,C:\Users\nicod\Documents\Nicolas\Universite\These\donnees\identification individuelle\Humbolt penguin\I3S Pattern_analyses\datasets\final_I3S_crop_test-unknown\Inox\Inox_040.fgp,Inox,3138,Styrbjorn,3042,Herbert,0.200005,4.999875003,Karin
207,C:\Users\nicod\Documents\Nicolas\Universite\These\donnees\identification individuelle\Humbolt penguin\I3S Pattern_analyses\datasets\final_I3S_crop_test-unknown\Inox\Inox_042.fgp,Inox,1224,Inox,994,Inox,0.250001,3.999984,Herbert
208,C:\Users\nicod\Documents\Nicolas\Universite\These\donnees\identification individuelle\Humbolt penguin\I3S Pattern_analyses\datasets\final_I3S_crop_test-unknown\Inox\Inox_044.fgp,Inox,5469,Inox,7570,Lima,0.006064,164.9076517,Anoki
209,C:\Users\nicod\Documents\Nicolas\Universite\These\donnees\identification individuelle\Humbolt penguin\I3S Pattern_analyses\datasets\final_I3S_crop_test-unknown\Inox\Inox_045.fgp,Inox,5050,Inox,3976,Aponi,0.017861,55.98790661,Nina
210,C:\Users\nicod\Documents\Nicolas\Universite\These\donnees\identification individuelle\Humbolt penguin\I3S Pattern_analyses\datasets\final_I3S_crop_test-unknown\Inox\Inox_047.fgp,Inox,1643,Inox,2347,Pansar,0.089287,11.19983872,Styrbjorn
211,C:\Users\nicod\Documents\Nicolas\Universite\These\donnees\identification individuelle\Humbolt penguin\I3S Pattern_analyses\datasets\final_I3S_crop_test-unknown\Karin\Karin_007.fgp,Karin,2331,Karin,2245,Karin,1,1,Karin
212,C:\Users\nicod\Documents\Nicolas\Universite\These\donnees\identification individuelle\Humbolt penguin\I3S Pattern_analyses\datasets\final_I3S_crop_test-unknown\Karin\Karin_010.fgp,Karin,3433,Karin,4246,Pansar,0.175004,5.714155105,Karin
213,C:\Users\nicod\Documents\Nicolas\Universite\These\donnees\identification individuelle\Humbolt penguin\I3S Pattern_analyses\datasets\final_I3S_crop_test-unknown\Karin\Karin_014.fgp,Karin,1994,Karin,2293,Karin,0.175003,5.714187757,Karin
214,C:\Users\nicod\Documents\Nicolas\Universite\These\donnees\identification individuelle\Humbolt penguin\I3S Pattern_analyses\datasets\final_I3S_crop_test-unknown\Karin\Karin_018.fgp,Karin,1709,Karin,1557,Karin,0.250002,3.999968,Skiper
215,C:\Users\nicod\Documents\Nicolas\Universite\These\donnees\identification individuelle\Humbolt penguin\I3S Pattern_analyses\datasets\final_I3S_crop_test-unknown\Karin\Karin_020.fgp,Karin,2254,Karin,1927,Karin,0.114287,8.749901564,Karin
216,C:\Users\nicod\Documents\Nicolas\Universite\These\donnees\identification individuelle\Humbolt penguin\I3S Pattern_analyses\datasets\final_I3S_crop_test-unknown\Karin\Karin_022.fgp,Karin,1775,Karin,1337,Herbert,0.200005,4.999875003,Aponi
217,C:\Users\nicod\Documents\Nicolas\Universite\These\donnees\identification individuelle\Humbolt penguin\I3S Pattern_analyses\datasets\final_I3S_crop_test-unknown\Karin\Karin_028.fgp,Karin,3717,Yakou,3505,Styrbjorn,0.042426,23.57045208,Skiper
218,C:\Users\nicod\Documents\Nicolas\Universite\These\donnees\identification individuelle\Humbolt penguin\I3S Pattern_analyses\datasets\final_I3S_crop_test-unknown\Karin\Karin_038.fgp,Karin,2232,Karin,1431,Karin,0.250005,3.999920002,Yakou
219,C:\Users\nicod\Documents\Nicolas\Universite\These\donnees\identification individuelle\Humbolt penguin\I3S Pattern_analyses\datasets\final_I3S_crop_test-unknown\Lima\Lima_005.fgp,Lima,2337,Lima,3610,Yobi,0.114288,8.749825004,Adam
220,C:\Users\nicod\Documents\Nicolas\Universite\These\donnees\identification individuelle\Humbolt penguin\I3S Pattern_analyses\datasets\final_I3S_crop_test-unknown\Lima\Lima_011.fgp,Lima,1608,Lima,3229,Nina,0.114288,8.749825004,Pansar
221,C:\Users\nicod\Documents\Nicolas\Universite\These\donnees\identification individuelle\Humbolt penguin\I3S Pattern_analyses\datasets\final_I3S_crop_test-unknown\Lima\Lima_013.fgp,Lima,1820,Lima,2450,Lima,0.2,5,Inox
222,C:\Users\nicod\Documents\Nicolas\Universite\These\donnees\identification individuelle\Humbolt penguin\I3S Pattern_analyses\datasets\final_I3S_crop_test-unknown\Lima\Lima_022.fgp,Lima,2204,Lima,3362,Lima,0.083338,11.99932804,Lima
223,C:\Users\nicod\Documents\Nicolas\Universite\These\donnees\identification individuelle\Humbolt penguin\I3S Pattern_analyses\datasets\final_I3S_crop_test-unknown\Lima\Lima_023.fgp,Lima,1917,Lima,2799,Lima,0.057145,17.49934377,Lima
224,C:\Users\nicod\Documents\Nicolas\Universite\These\donnees\identification individuelle\Humbolt penguin\I3S Pattern_analyses\datasets\final_I3S_crop_test-unknown\Lima\Lima_028.fgp,Lima,2577,Lima,2080,Lima,0.250002,3.999968,Yobi
225,C:\Users\nicod\Documents\Nicolas\Universite\These\donnees\identification individuelle\Humbolt penguin\I3S Pattern_analyses\datasets\final_I3S_crop_test-unknown\Lima\Lima_032.fgp,Lima,1060,Lima,1607,Lima,0.154765,6.461409233,Lima
226,C:\Users\nicod\Documents\Nicolas\Universite\These\donnees\identification individuelle\Humbolt penguin\I3S Pattern_analyses\datasets\final_I3S_crop_test-unknown\Lima\Lima_042.fgp,Lima,1823,Lima,2616,Lima,0.185529,5.389992939,Lima
227,C:\Users\nicod\Documents\Nicolas\Universite\These\donnees\identification individuelle\Humbolt penguin\I3S Pattern_analyses\datasets\final_I3S_crop_test-unknown\Lima\Lima_050.fgp,Lima,4423,Lima,6660,Sarkozy,0.030224,33.08628904,Lima
228,C:\Users\nicod\Documents\Nicolas\Universite\These\donnees\identification individuelle\Humbolt penguin\I3S Pattern_analyses\datasets\final_I3S_crop_test-unknown\Lima\Lima_051.fgp,Lima,1758,Lima,2011,Lima,0.100002,9.999800004,Karin
229,C:\Users\nicod\Documents\Nicolas\Universite\These\donnees\identification individuelle\Humbolt penguin\I3S Pattern_analyses\datasets\final_I3S_crop_test-unknown\Nayla\Nayla_013.fgp,Nayla,3981,Aponi,2708,Styrbjorn,0.114289,8.749748445,Styrbjorn
230,C:\Users\nicod\Documents\Nicolas\Universite\These\donnees\identification individuelle\Humbolt penguin\I3S Pattern_analyses\datasets\final_I3S_crop_test-unknown\Nayla\Nayla_015.fgp,Nayla,4035,Inox,4966,Aponi,0.012126,82.46742537,Anoki
231,C:\Users\nicod\Documents\Nicolas\Universite\These\donnees\identification individuelle\Humbolt penguin\I3S Pattern_analyses\datasets\final_I3S_crop_test-unknown\Nayla\Nayla_017.fgp,Nayla,4062,Styrbjorn,3147,Sarkozy,0.066667,14.999925,Styrbjorn
232,C:\Users\nicod\Documents\Nicolas\Universite\These\donnees\identification individuelle\Humbolt penguin\I3S Pattern_analyses\datasets\final_I3S_crop_test-unknown\Nayla\Nayla_019.fgp,Nayla,2764,Pansar,3306,Pedro,0.028575,34.99562555,Albert
233,C:\Users\nicod\Documents\Nicolas\Universite\These\donnees\identification individuelle\Humbolt penguin\I3S Pattern_analyses\datasets\final_I3S_crop_test-unknown\Nayla\Nayla_021.fgp,Nayla,4228,Inox,5028,Wolf,0.050004,19.99840013,Pedro
234,C:\Users\nicod\Documents\Nicolas\Universite\These\donnees\identification individuelle\Humbolt penguin\I3S Pattern_analyses\datasets\final_I3S_crop_test-unknown\Nayla\Nayla_023.fgp,Nayla,3365,Sarkozy,2675,Yobi,0.200005,4.999875003,Albert
235,C:\Users\nicod\Documents\Nicolas\Universite\These\donnees\identification individuelle\Humbolt penguin\I3S Pattern_analyses\datasets\final_I3S_crop_test-unknown\Nayla\Nayla_025.fgp,Nayla,3439,Pedro,3070,Nina,0.017861,55.98790661,Sarkozy
236,C:\Users\nicod\Documents\Nicolas\Universite\These\donnees\identification individuelle\Humbolt penguin\I3S Pattern_analyses\datasets\final_I3S_crop_test-unknown\Nayla\Nayla_027.fgp,Nayla,3819,Pedro,2863,Albert,0.2,5,Yobi
237,C:\Users\nicod\Documents\Nicolas\Universite\These\donnees\identification individuelle\Humbolt penguin\I3S Pattern_analyses\datasets\final_I3S_crop_test-unknown\Nayla\Nayla_029.fgp,Nayla,3434,Sarkozy,3309,Adam,0.058338,17.14148582,Nina
238,C:\Users\nicod\Documents\Nicolas\Universite\These\donnees\identification individuelle\Humbolt penguin\I3S Pattern_analyses\datasets\final_I3S_crop_test-unknown\Nayla\Nayla_031.fgp,Nayla,3663,Bayrou,2788,Styrbjorn,0.019233,51.9939687,Skiper
239,C:\Users\nicod\Documents\Nicolas\Universite\These\donnees\identification individuelle\Humbolt penguin\I3S Pattern_analyses\datasets\final_I3S_crop_test-unknown\Nayla\Nayla_033.fgp,Nayla,4155,Styrbjorn,2948,Lima,0.068183,14.66641245,Yakou
240,C:\Users\nicod\Documents\Nicolas\Universite\These\donnees\identification individuelle\Humbolt penguin\I3S Pattern_analyses\datasets\final_I3S_crop_test-unknown\Nayla\Nayla_035.fgp,Nayla,3273,Sarkozy,2186,Bayrou,0.050002,19.99920003,Sarkozy
241,C:\Users\nicod\Documents\Nicolas\Universite\These\donnees\identification individuelle\Humbolt penguin\I3S Pattern_analyses\datasets\final_I3S_crop_test-unknown\Nayla\Nayla_037.fgp,Nayla,4554,Nina,3777,Skiper,0.1,10,Turtle
242,C:\Users\nicod\Documents\Nicolas\Universite\These\donnees\identification individuelle\Humbolt penguin\I3S Pattern_analyses\datasets\final_I3S_crop_test-unknown\Nayla\Nayla_039.fgp,Nayla,4613,Pansar,1886,Bayrou,0.200004,4.999900002,Lima
243,C:\Users\nicod\Documents\Nicolas\Universite\These\donnees\identification individuelle\Humbolt penguin\I3S Pattern_analyses\datasets\final_I3S_crop_test-unknown\Nayla\Nayla_041.fgp,Nayla,3370,Wolf,2062,Yobi,0.100004,9.999600016,Inox
244,C:\Users\nicod\Documents\Nicolas\Universite\These\donnees\identification individuelle\Humbolt penguin\I3S Pattern_analyses\datasets\final_I3S_crop_test-unknown\Nayla\Nayla_043.fgp,Nayla,5257,Aponi,3699,Styrbjorn,0.059529,16.79853517,Adam
245,C:\Users\nicod\Documents\Nicolas\Universite\These\donnees\identification individuelle\Humbolt penguin\I3S Pattern_analyses\datasets\final_I3S_crop_test-unknown\Nayla\Nayla_045.fgp,Nayla,3971,Bayrou,2392,Aponi,0.100004,9.999600016,Inox
246,C:\Users\nicod\Documents\Nicolas\Universite\These\donnees\identification individuelle\Humbolt penguin\I3S Pattern_analyses\datasets\final_I3S_crop_test-unknown\Nayla\Nayla_047.fgp,Nayla,6622,Sarkozy,5033,Styrbjorn,0.083337,11.99947202,Skiper
247,C:\Users\nicod\Documents\Nicolas\Universite\These\donnees\identification individuelle\Humbolt penguin\I3S Pattern_analyses\datasets\final_I3S_crop_test-unknown\Nayla\Nayla_049.fgp,Nayla,3879,Bayrou,2946,Anoki,0.250001,3.999984,Karin
248,C:\Users\nicod\Documents\Nicolas\Universite\These\donnees\identification individuelle\Humbolt penguin\I3S Pattern_analyses\datasets\final_I3S_crop_test-unknown\Nayla\Nayla_051.fgp,Nayla,3851,Sarkozy,4214,Karin,0.100004,9.999600016,Yobi
249,C:\Users\nicod\Documents\Nicolas\Universite\These\donnees\identification individuelle\Humbolt penguin\I3S Pattern_analyses\datasets\final_I3S_crop_test-unknown\Nayla\Nayla_053.fgp,Nayla,4589,Inox,5384,Sarkozy,0.024246,41.24391652,Turtle
250,C:\Users\nicod\Documents\Nicolas\Universite\These\donnees\identification individuelle\Humbolt penguin\I3S Pattern_analyses\datasets\final_I3S_crop_test-unknown\Nayla\Nayla_055.fgp,Nayla,4612,Wolf,7869,Skiper,0.006061,164.9892757,Herbert
251,C:\Users\nicod\Documents\Nicolas\Universite\These\donnees\identification individuelle\Humbolt penguin\I3S Pattern_analyses\datasets\final_I3S_crop_test-unknown\Nayla\Nayla_057.fgp,Nayla,2912,Pansar,5393,Wolf,0.028575,34.99562555,Albert
252,C:\Users\nicod\Documents\Nicolas\Universite\These\donnees\identification individuelle\Humbolt penguin\I3S Pattern_analyses\datasets\final_I3S_crop_test-unknown\Nayla\Nayla_059.fgp,Nayla,4317,Aponi,5063,Aponi,0.100001,9.999900001,Karin
253,C:\Users\nicod\Documents\Nicolas\Universite\These\donnees\identification individuelle\Humbolt penguin\I3S Pattern_analyses\datasets\final_I3S_crop_test-unknown\Nina\Nina_008.fgp,Nina,446,Nina,1045,Nina,0.050005,19.9980002,Sarkozy
254,C:\Users\nicod\Documents\Nicolas\Universite\These\donnees\identification individuelle\Humbolt penguin\I3S Pattern_analyses\datasets\final_I3S_crop_test-unknown\Nina\Nina_013.fgp,Nina,1185,Nina,1359,Nina,0.125002,7.999872002,Nina
255,C:\Users\nicod\Documents\Nicolas\Universite\These\donnees\identification individuelle\Humbolt penguin\I3S Pattern_analyses\datasets\final_I3S_crop_test-unknown\Nina\Nina_026.fgp,Nina,1097,Nina,1618,Nina,0.095239,10.49990025,Yakou
256,C:\Users\nicod\Documents\Nicolas\Universite\These\donnees\identification individuelle\Humbolt penguin\I3S Pattern_analyses\datasets\final_I3S_crop_test-unknown\Nina\Nina_027.fgp,Nina,838,Nina,1014,Nina,0.475004,2.10524543,Nina
257,C:\Users\nicod\Documents\Nicolas\Universite\These\donnees\identification individuelle\Humbolt penguin\I3S Pattern_analyses\datasets\final_I3S_crop_test-unknown\Nina\Nina_029.fgp,Nina,805,Nina,1295,Nina,0.174826,5.719973002,Nina
258,C:\Users\nicod\Documents\Nicolas\Universite\These\donnees\identification individuelle\Humbolt penguin\I3S Pattern_analyses\datasets\final_I3S_crop_test-unknown\Nina\Nina_030.fgp,Nina,1745,Nina,2300,Nina,0.100003,9.999700009,Lima
259,C:\Users\nicod\Documents\Nicolas\Universite\These\donnees\identification individuelle\Humbolt penguin\I3S Pattern_analyses\datasets\final_I3S_crop_test-unknown\Nina\Nina_033.fgp,Nina,1563,Nina,3902,Nina,0.05,20,Styrbjorn
260,C:\Users\nicod\Documents\Nicolas\Universite\These\donnees\identification individuelle\Humbolt penguin\I3S Pattern_analyses\datasets\final_I3S_crop_test-unknown\Nina\Nina_035.fgp,Nina,2227,Nina,2599,Nina,0.053572,18.66646756,Inox
261,C:\Users\nicod\Documents\Nicolas\Universite\These\donnees\identification individuelle\Humbolt penguin\I3S Pattern_analyses\datasets\final_I3S_crop_test-unknown\Nina\Nina_037.fgp,Nina,789,Nina,1620,Nina,0.145459,6.87478946,Bayrou
262,C:\Users\nicod\Documents\Nicolas\Universite\These\donnees\identification individuelle\Humbolt penguin\I3S Pattern_analyses\datasets\final_I3S_crop_test-unknown\Nina\Nina_039.fgp,Nina,650,Nina,2150,Nina,0.045459,21.99784421,Nina
263,C:\Users\nicod\Documents\Nicolas\Universite\These\donnees\identification individuelle\Humbolt penguin\I3S Pattern_analyses\datasets\final_I3S_crop_test-unknown\Nina\Nina_049.fgp,Nina,6080,Bayrou,14323,Lima,0.002199,454.7521601,Yobi
264,C:\Users\nicod\Documents\Nicolas\Universite\These\donnees\identification individuelle\Humbolt penguin\I3S Pattern_analyses\datasets\final_I3S_crop_test-unknown\Pansar\Pansar_000.fgp,Pansar,2781,Pansar,3665,Turtle,0.024246,41.24391652,Pansar
265,C:\Users\nicod\Documents\Nicolas\Universite\These\donnees\identification individuelle\Humbolt penguin\I3S Pattern_analyses\datasets\final_I3S_crop_test-unknown\Pansar\Pansar_004.fgp,Pansar,939,Pansar,1555,Pansar,0.077276,12.9406284,Yakou
266,C:\Users\nicod\Documents\Nicolas\Universite\These\donnees\identification individuelle\Humbolt penguin\I3S Pattern_analyses\datasets\final_I3S_crop_test-unknown\Pansar\Pansar_006.fgp,Pansar,1522,Pansar,3216,Anoki,0.036768,27.1975631,Pansar
267,C:\Users\nicod\Documents\Nicolas\Universite\These\donnees\identification individuelle\Humbolt penguin\I3S Pattern_analyses\datasets\final_I3S_crop_test-unknown\Pansar\Pansar_017.fgp,Pansar,1159,Pansar,1283,Pansar,0.250004,3.999936001,Yobi
268,C:\Users\nicod\Documents\Nicolas\Universite\These\donnees\identification individuelle\Humbolt penguin\I3S Pattern_analyses\datasets\final_I3S_crop_test-unknown\Pansar\Pansar_027.fgp,Pansar,2226,Pansar,1733,Pansar,0.114289,8.749748445,Yobi
269,C:\Users\nicod\Documents\Nicolas\Universite\These\donnees\identification individuelle\Humbolt penguin\I3S Pattern_analyses\datasets\final_I3S_crop_test-unknown\Pansar\Pansar_028.fgp,Pansar,1366,Pansar,1939,Pansar,0.100001,9.999900001,Pedro
270,C:\Users\nicod\Documents\Nicolas\Universite\These\donnees\identification individuelle\Humbolt penguin\I3S Pattern_analyses\datasets\final_I3S_crop_test-unknown\Pansar\Pansar_034.fgp,Pansar,3938,Yobi,4260,Sarkozy,0.006996,142.9388222,Bayrou
271,C:\Users\nicod\Documents\Nicolas\Universite\These\donnees\identification individuelle\Humbolt penguin\I3S Pattern_analyses\datasets\final_I3S_crop_test-unknown\Pansar\Pansar_042.fgp,Pansar,1256,Pansar,1796,Pansar,0.1014,9.861932939,Pansar
272,C:\Users\nicod\Documents\Nicolas\Universite\These\donnees\identification individuelle\Humbolt penguin\I3S Pattern_analyses\datasets\final_I3S_crop_test-unknown\Pansar\Pansar_047.fgp,Pansar,1136,Pansar,1764,Pansar,0.055945,17.87469836,Pansar
273,C:\Users\nicod\Documents\Nicolas\Universite\These\donnees\identification individuelle\Humbolt penguin\I3S Pattern_analyses\datasets\final_I3S_crop_test-unknown\Pedro\Pedro_006.fgp,Pedro,1222,Pedro,994,Pedro,0.091848,10.88755335,Pedro
274,C:\Users\nicod\Documents\Nicolas\Universite\These\donnees\identification individuelle\Humbolt penguin\I3S Pattern_analyses\datasets\final_I3S_crop_test-unknown\Pedro\Pedro_007.fgp,Pedro,1021,Pedro,876,Pedro,0.139321,7.177668837,Pedro
275,C:\Users\nicod\Documents\Nicolas\Universite\These\donnees\identification individuelle\Humbolt penguin\I3S Pattern_analyses\datasets\final_I3S_crop_test-unknown\Pedro\Pedro_008.fgp,Pedro,1417,Pedro,1419,Pedro,0.114291,8.749595331,Yakou
276,C:\Users\nicod\Documents\Nicolas\Universite\These\donnees\identification individuelle\Humbolt penguin\I3S Pattern_analyses\datasets\final_I3S_crop_test-unknown\Pedro\Pedro_016.fgp,Pedro,1721,Pedro,2080,Pedro,0.328674,3.042528463,Pedro
277,C:\Users\nicod\Documents\Nicolas\Universite\These\donnees\identification individuelle\Humbolt penguin\I3S Pattern_analyses\datasets\final_I3S_crop_test-unknown\Pedro\Pedro_023.fgp,Pedro,1869,Pedro,2190,Pedro,0.071429,13.999916,Yobi
278,C:\Users\nicod\Documents\Nicolas\Universite\These\donnees\identification individuelle\Humbolt penguin\I3S Pattern_analyses\datasets\final_I3S_crop_test-unknown\Pedro\Pedro_041.fgp,Pedro,2506,Pedro,3428,Pedro,0.114288,8.749825004,Yakou
279,C:\Users\nicod\Documents\Nicolas\Universite\These\donnees\identification individuelle\Humbolt penguin\I3S Pattern_analyses\datasets\final_I3S_crop_test-unknown\Pedro\Pedro_043.fgp,Pedro,1749,Pedro,1987,Pedro,0.440912,2.268026273,Pedro
280,C:\Users\nicod\Documents\Nicolas\Universite\These\donnees\identification individuelle\Humbolt penguin\I3S Pattern_analyses\datasets\final_I3S_crop_test-unknown\Pedro\Pedro_044.fgp,Pedro,4732,Styrbjorn,3511,Lima,0.057146,17.49903755,Adam
281,C:\Users\nicod\Documents\Nicolas\Universite\These\donnees\identification individuelle\Humbolt penguin\I3S Pattern_analyses\datasets\final_I3S_crop_test-unknown\Pedro\Pedro_046.fgp,Pedro,2788,Pedro,1742,Pedro,0.250005,3.999920002,Pedro
282,C:\Users\nicod\Documents\Nicolas\Universite\These\donnees\identification individuelle\Humbolt penguin\I3S Pattern_analyses\datasets\final_I3S_crop_test-unknown\Sarkozy\Sarkozy_000.fgp,Sarkozy,3651,Styrbjorn,3541,Sarkozy,0.057147,17.49873134,Sarkozy
283,C:\Users\nicod\Documents\Nicolas\Universite\These\donnees\identification individuelle\Humbolt penguin\I3S Pattern_analyses\datasets\final_I3S_crop_test-unknown\Sarkozy\Sarkozy_002.fgp,Sarkozy,999,Sarkozy,2453,Sarkozy,0.100002,9.999800004,Lima
284,C:\Users\nicod\Documents\Nicolas\Universite\These\donnees\identification individuelle\Humbolt penguin\I3S Pattern_analyses\datasets\final_I3S_crop_test-unknown\Sarkozy\Sarkozy_004.fgp,Sarkozy,1747,Sarkozy,2707,Sarkozy,0.285716,3.499979,Yakou
285,C:\Users\nicod\Documents\Nicolas\Universite\These\donnees\identification individuelle\Humbolt penguin\I3S Pattern_analyses\datasets\final_I3S_crop_test-unknown\Sarkozy\Sarkozy_016.fgp,Sarkozy,1203,Sarkozy,1106,Sarkozy,0.128575,7.777561734,Sarkozy
286,C:\Users\nicod\Documents\Nicolas\Universite\These\donnees\identification individuelle\Humbolt penguin\I3S Pattern_analyses\datasets\final_I3S_crop_test-unknown\Sarkozy\Sarkozy_017.fgp,Sarkozy,978,Sarkozy,1377,Sarkozy,0.089288,11.19971329,Lima
287,C:\Users\nicod\Documents\Nicolas\Universite\These\donnees\identification individuelle\Humbolt penguin\I3S Pattern_analyses\datasets\final_I3S_crop_test-unknown\Sarkozy\Sarkozy_021.fgp,Sarkozy,1697,Sarkozy,1229,Sarkozy,0.060718,16.46958068,Sarkozy
288,C:\Users\nicod\Documents\Nicolas\Universite\These\donnees\identification individuelle\Humbolt penguin\I3S Pattern_analyses\datasets\final_I3S_crop_test-unknown\Sarkozy\Sarkozy_027.fgp,Sarkozy,1525,Sarkozy,1419,Sarkozy,0.305814,3.26996148,Sarkozy
289,C:\Users\nicod\Documents\Nicolas\Universite\These\donnees\identification individuelle\Humbolt penguin\I3S Pattern_analyses\datasets\final_I3S_crop_test-unknown\Sarkozy\Sarkozy_030.fgp,Sarkozy,569,Sarkozy,943,Sarkozy,0.552599,1.809630492,Sarkozy
290,C:\Users\nicod\Documents\Nicolas\Universite\These\donnees\identification individuelle\Humbolt penguin\I3S Pattern_analyses\datasets\final_I3S_crop_test-unknown\Skiper\Skiper_014.fgp,Skiper,1313,Skiper,1356,Skiper,0.035718,27.9970883,Pansar
291,C:\Users\nicod\Documents\Nicolas\Universite\These\donnees\identification individuelle\Humbolt penguin\I3S Pattern_analyses\datasets\final_I3S_crop_test-unknown\Skiper\Skiper_021.fgp,Skiper,673,Skiper,1539,Skiper,0.200002,4.999950001,Styrbjorn
292,C:\Users\nicod\Documents\Nicolas\Universite\These\donnees\identification individuelle\Humbolt penguin\I3S Pattern_analyses\datasets\final_I3S_crop_test-unknown\Skiper\Skiper_023.fgp,Skiper,996,Skiper,1173,Skiper,0.119048,8.39997312,Karin
293,C:\Users\nicod\Documents\Nicolas\Universite\These\donnees\identification individuelle\Humbolt penguin\I3S Pattern_analyses\datasets\final_I3S_crop_test-unknown\Skiper\Skiper_025.fgp,Skiper,1485,Skiper,2419,Skiper,0.197307,5.068243904,Skiper
294,C:\Users\nicod\Documents\Nicolas\Universite\These\donnees\identification individuelle\Humbolt penguin\I3S Pattern_analyses\datasets\final_I3S_crop_test-unknown\Skiper\Skiper_026.fgp,Skiper,1223,Skiper,1440,Skiper,0.100005,9.999500025,Yobi
295,C:\Users\nicod\Documents\Nicolas\Universite\These\donnees\identification individuelle\Humbolt penguin\I3S Pattern_analyses\datasets\final_I3S_crop_test-unknown\Skiper\Skiper_032.fgp,Skiper,1219,Skiper,1214,Skiper,0.166668,5.999952,Skiper
296,C:\Users\nicod\Documents\Nicolas\Universite\These\donnees\identification individuelle\Humbolt penguin\I3S Pattern_analyses\datasets\final_I3S_crop_test-unknown\Skiper\Skiper_033.fgp,Skiper,2004,Skiper,1821,Skiper,0.068183,14.66641245,Skiper
297,C:\Users\nicod\Documents\Nicolas\Universite\These\donnees\identification individuelle\Humbolt penguin\I3S Pattern_analyses\datasets\final_I3S_crop_test-unknown\Skiper\Skiper_035.fgp,Skiper,1082,Skiper,1613,Skiper,0.133337,7.499793756,Skiper
298,C:\Users\nicod\Documents\Nicolas\Universite\These\donnees\identification individuelle\Humbolt penguin\I3S Pattern_analyses\datasets\final_I3S_crop_test-unknown\Skiper\Skiper_037.fgp,Skiper,733,Skiper,1326,Skiper,0.182357,5.48374891,Skiper
299,C:\Users\nicod\Documents\Nicolas\Universite\These\donnees\identification individuelle\Humbolt penguin\I3S Pattern_analyses\datasets\final_I3S_crop_test-unknown\Skiper\Skiper_054.fgp,Skiper,711,Skiper,924,Skiper,0.057145,17.49934377,Skiper
300,C:\Users\nicod\Documents\Nicolas\Universite\These\donnees\identification individuelle\Humbolt penguin\I3S Pattern_analyses\datasets\final_I3S_crop_test-unknown\Skiper\Skiper_057.fgp,Skiper,1684,Skiper,3042,Skiper,0.100004,9.999600016,Wolf
301,C:\Users\nicod\Documents\Nicolas\Universite\These\donnees\identification individuelle\Humbolt penguin\I3S Pattern_analyses\datasets\final_I3S_crop_test-unknown\Styrbjorn\Styrbjorn_000.fgp,Styrbjorn,2578,Styrbjorn,5729,Styrbjorn,0.028576,34.9944009,Styrbjorn
302,C:\Users\nicod\Documents\Nicolas\Universite\These\donnees\identification individuelle\Humbolt penguin\I3S Pattern_analyses\datasets\final_I3S_crop_test-unknown\Styrbjorn\Styrbjorn_004.fgp,Styrbjorn,291,Styrbjorn,621,Styrbjorn,0.641027,1.559996693,Styrbjorn
303,C:\Users\nicod\Documents\Nicolas\Universite\These\donnees\identification individuelle\Humbolt penguin\I3S Pattern_analyses\datasets\final_I3S_crop_test-unknown\Styrbjorn\Styrbjorn_006.fgp,Styrbjorn,997,Styrbjorn,2636,Pedro,0.200004,4.999900002,Styrbjorn
304,C:\Users\nicod\Documents\Nicolas\Universite\These\donnees\identification individuelle\Humbolt penguin\I3S Pattern_analyses\datasets\final_I3S_crop_test-unknown\Styrbjorn\Styrbjorn_017.fgp,Styrbjorn,1911,Styrbjorn,2565,Turtle,0.100004,9.999600016,Lima
305,C:\Users\nicod\Documents\Nicolas\Universite\These\donnees\identification individuelle\Humbolt penguin\I3S Pattern_analyses\datasets\final_I3S_crop_test-unknown\Styrbjorn\Styrbjorn_027.fgp,Styrbjorn,1449,Styrbjorn,1874,Styrbjorn,0.238097,4.19996892,Styrbjorn
306,C:\Users\nicod\Documents\Nicolas\Universite\These\donnees\identification individuelle\Humbolt penguin\I3S Pattern_analyses\datasets\final_I3S_crop_test-unknown\Styrbjorn\Styrbjorn_028.fgp,Styrbjorn,1442,Styrbjorn,1136,Styrbjorn,0.250001,3.999984,Styrbjorn
307,C:\Users\nicod\Documents\Nicolas\Universite\These\donnees\identification individuelle\Humbolt penguin\I3S Pattern_analyses\datasets\final_I3S_crop_test-unknown\Styrbjorn\Styrbjorn_034.fgp,Styrbjorn,2486,Styrbjorn,3227,Styrbjorn,0.038466,25.99698435,Styrbjorn
308,C:\Users\nicod\Documents\Nicolas\Universite\These\donnees\identification individuelle\Humbolt penguin\I3S Pattern_analyses\datasets\final_I3S_crop_test-unknown\Styrbjorn\Styrbjorn_042.fgp,Styrbjorn,1355,Styrbjorn,2182,Karin,0.500005,1.99998,Adam
309,C:\Users\nicod\Documents\Nicolas\Universite\These\donnees\identification individuelle\Humbolt penguin\I3S Pattern_analyses\datasets\final_I3S_crop_test-unknown\Styrbjorn\Styrbjorn_047.fgp,Styrbjorn,1718,Styrbjorn,2319,Styrbjorn,0.101649,9.837775089,Styrbjorn
310,C:\Users\nicod\Documents\Nicolas\Universite\These\donnees\identification individuelle\Humbolt penguin\I3S Pattern_analyses\datasets\final_I3S_crop_test-unknown\Turtle\Turtle_004.fgp,Turtle,1242,Turtle,3181,Turtle,0.105886,9.444119147,Turtle
311,C:\Users\nicod\Documents\Nicolas\Universite\These\donnees\identification individuelle\Humbolt penguin\I3S Pattern_analyses\datasets\final_I3S_crop_test-unknown\Turtle\Turtle_006.fgp,Turtle,1123,Turtle,3347,Turtle,0.184618,5.416589932,Turtle
312,C:\Users\nicod\Documents\Nicolas\Universite\These\donnees\identification individuelle\Humbolt penguin\I3S Pattern_analyses\datasets\final_I3S_crop_test-unknown\Turtle\Turtle_011.fgp,Turtle,1098,Turtle,2142,Turtle,0.383145,2.609977946,Turtle
313,C:\Users\nicod\Documents\Nicolas\Universite\These\donnees\identification individuelle\Humbolt penguin\I3S Pattern_analyses\datasets\final_I3S_crop_test-unknown\Turtle\Turtle_030.fgp,Turtle,674,Turtle,1306,Turtle,0.274729,3.639950642,Turtle
314,C:\Users\nicod\Documents\Nicolas\Universite\These\donnees\identification individuelle\Humbolt penguin\I3S Pattern_analyses\datasets\final_I3S_crop_test-unknown\Turtle\Turtle_032.fgp,Turtle,2514,Turtle,3163,Turtle,0.065935,15.16645181,Turtle
315,C:\Users\nicod\Documents\Nicolas\Universite\These\donnees\identification individuelle\Humbolt penguin\I3S Pattern_analyses\datasets\final_I3S_crop_test-unknown\Turtle\Turtle_033.fgp,Turtle,788,Turtle,1654,Turtle,0.64167,1.558433463,Turtle
316,C:\Users\nicod\Documents\Nicolas\Universite\These\donnees\identification individuelle\Humbolt penguin\I3S Pattern_analyses\datasets\final_I3S_crop_test-unknown\Turtle\Turtle_037.fgp,Turtle,1427,Turtle,2431,Turtle,0.396827,2.519989819,Turtle
317,C:\Users\nicod\Documents\Nicolas\Universite\These\donnees\identification individuelle\Humbolt penguin\I3S Pattern_analyses\datasets\final_I3S_crop_test-unknown\Turtle\Turtle_042.fgp,Turtle,1015,Turtle,1075,Turtle,0.699306,1.429989161,Turtle
318,C:\Users\nicod\Documents\Nicolas\Universite\These\donnees\identification individuelle\Humbolt penguin\I3S Pattern_analyses\datasets\final_I3S_crop_test-unknown\Turtle\Turtle_045.fgp,Turtle,1826,Turtle,2203,Turtle,0.070591,14.16611183,Turtle
319,C:\Users\nicod\Documents\Nicolas\Universite\These\donnees\identification individuelle\Humbolt penguin\I3S Pattern_analyses\datasets\final_I3S_crop_test-unknown\Turtle\Turtle_048.fgp,Turtle,817,Turtle,3609,Turtle,0.250003,3.999952001,Karin
320,C:\Users\nicod\Documents\Nicolas\Universite\These\donnees\identification individuelle\Humbolt penguin\I3S Pattern_analyses\datasets\final_I3S_crop_test-unknown\Wolf\Wolf_004.fgp,Wolf,1027,Wolf,906,Wolf,0.147576,6.776169567,Wolf
321,C:\Users\nicod\Documents\Nicolas\Universite\These\donnees\identification individuelle\Humbolt penguin\I3S Pattern_analyses\datasets\final_I3S_crop_test-unknown\Wolf\Wolf_006.fgp,Wolf,1009,Wolf,1179,Wolf,0.069933,14.29940086,Wolf
322,C:\Users\nicod\Documents\Nicolas\Universite\These\donnees\identification individuelle\Humbolt penguin\I3S Pattern_analyses\datasets\final_I3S_crop_test-unknown\Wolf\Wolf_011.fgp,Wolf,722,Wolf,1810,Wolf,0.12238,8.171269815,Wolf
323,C:\Users\nicod\Documents\Nicolas\Universite\These\donnees\identification individuelle\Humbolt penguin\I3S Pattern_analyses\datasets\final_I3S_crop_test-unknown\Wolf\Wolf_030.fgp,Wolf,743,Wolf,1439,Wolf,0.25055,3.991219318,Wolf
324,C:\Users\nicod\Documents\Nicolas\Universite\These\donnees\identification individuelle\Humbolt penguin\I3S Pattern_analyses\datasets\final_I3S_crop_test-unknown\Wolf\Wolf_032.fgp,Wolf,1363,Wolf,850,Wolf,0.084135,11.88565995,Wolf
325,C:\Users\nicod\Documents\Nicolas\Universite\These\donnees\identification individuelle\Humbolt penguin\I3S Pattern_analyses\datasets\final_I3S_crop_test-unknown\Wolf\Wolf_033.fgp,Wolf,1048,Wolf,972,Wolf,0.232145,4.307652545,Wolf
326,C:\Users\nicod\Documents\Nicolas\Universite\These\donnees\identification individuelle\Humbolt penguin\I3S Pattern_analyses\datasets\final_I3S_crop_test-unknown\Wolf\Wolf_037.fgp,Wolf,699,Wolf,1254,Wolf,0.371431,2.692290089,Wolf
327,C:\Users\nicod\Documents\Nicolas\Universite\These\donnees\identification individuelle\Humbolt penguin\I3S Pattern_analyses\datasets\final_I3S_crop_test-unknown\Wolf\Wolf_042.fgp,Wolf,660,Wolf,1848,Wolf,0.083334,11.999904,Wolf
328,C:\Users\nicod\Documents\Nicolas\Universite\These\donnees\identification individuelle\Humbolt penguin\I3S Pattern_analyses\datasets\final_I3S_crop_test-unknown\Wolf\Wolf_045.fgp,Wolf,1725,Wolf,1474,Wolf,0.035715,27.99944001,Wolf
329,C:\Users\nicod\Documents\Nicolas\Universite\These\donnees\identification individuelle\Humbolt penguin\I3S Pattern_analyses\datasets\final_I3S_crop_test-unknown\Wolf\Wolf_048.fgp,Wolf,586,Wolf,1891,Wolf,0.228573,4.374969922,Pedro
330,C:\Users\nicod\Documents\Nicolas\Universite\These\donnees\identification individuelle\Humbolt penguin\I3S Pattern_analyses\datasets\final_I3S_crop_test-unknown\Yakou\Yakou_000.fgp,Yakou,1265,Yakou,3481,Yakou,0.071429,13.999916,Yakou
331,C:\Users\nicod\Documents\Nicolas\Universite\These\donnees\identification individuelle\Humbolt penguin\I3S Pattern_analyses\datasets\final_I3S_crop_test-unknown\Yakou\Yakou_002.fgp,Yakou,2127,Yakou,2105,Yakou,0.097905,10.21398294,Nina
332,C:\Users\nicod\Documents\Nicolas\Universite\These\donnees\identification individuelle\Humbolt penguin\I3S Pattern_analyses\datasets\final_I3S_crop_test-unknown\Yakou\Yakou_005.fgp,Yakou,272,Yakou,1182,Yakou,0.988145,1.011997227,Yakou
333,C:\Users\nicod\Documents\Nicolas\Universite\These\donnees\identification individuelle\Humbolt penguin\I3S Pattern_analyses\datasets\final_I3S_crop_test-unknown\Yakou\Yakou_007.fgp,Yakou,1890,Yakou,2154,Yakou,0.103032,9.705722494,Yakou
334,C:\Users\nicod\Documents\Nicolas\Universite\These\donnees\identification individuelle\Humbolt penguin\I3S Pattern_analyses\datasets\final_I3S_crop_test-unknown\Yakou\Yakou_009.fgp,Yakou,2313,Yakou,3078,Turtle,0.042426,23.57045208,Yakou
335,C:\Users\nicod\Documents\Nicolas\Universite\These\donnees\identification individuelle\Humbolt penguin\I3S Pattern_analyses\datasets\final_I3S_crop_test-unknown\Yakou\Yakou_015.fgp,Yakou,888,Yakou,1572,Yakou,0.250001,3.999984,Pedro
336,C:\Users\nicod\Documents\Nicolas\Universite\These\donnees\identification individuelle\Humbolt penguin\I3S Pattern_analyses\datasets\final_I3S_crop_test-unknown\Yakou\Yakou_017.fgp,Yakou,3114,Adam,2562,Lima,0.059524,16.79994624,Adam
337,C:\Users\nicod\Documents\Nicolas\Universite\These\donnees\identification individuelle\Humbolt penguin\I3S Pattern_analyses\datasets\final_I3S_crop_test-unknown\Yakou\Yakou_023.fgp,Yakou,1746,Yakou,1387,Yakou,0.333335,2.999985,Yakou
338,C:\Users\nicod\Documents\Nicolas\Universite\These\donnees\identification individuelle\Humbolt penguin\I3S Pattern_analyses\datasets\final_I3S_crop_test-unknown\Yakou\Yakou_033.fgp,Yakou,1326,Yakou,1803,Yakou,0.272078,3.675416609,Yakou
339,C:\Users\nicod\Documents\Nicolas\Universite\These\donnees\identification individuelle\Humbolt penguin\I3S Pattern_analyses\datasets\final_I3S_crop_test-unknown\Yakou\Yakou_047.fgp,Yakou,1570,Yakou,2455,Yakou,0.139396,7.173806996,Yakou
340,C:\Users\nicod\Documents\Nicolas\Universite\These\donnees\identification individuelle\Humbolt penguin\I3S Pattern_analyses\datasets\final_I3S_crop_test-unknown\Yobi\Yobi_005.fgp,Yobi,1517,Yobi,2623,Styrbjorn,0.250004,3.999936001,Nina
341,C:\Users\nicod\Documents\Nicolas\Universite\These\donnees\identification individuelle\Humbolt penguin\I3S Pattern_analyses\datasets\final_I3S_crop_test-unknown\Yobi\Yobi_009.fgp,Yobi,2774,Yobi,2775,Yakou,0.050005,19.9980002,Albert
342,C:\Users\nicod\Documents\Nicolas\Universite\These\donnees\identification individuelle\Humbolt penguin\I3S Pattern_analyses\datasets\final_I3S_crop_test-unknown\Yobi\Yobi_012.fgp,Yobi,3470,Yobi,5011,Yobi,0.153847,6.49996425,Yobi
343,C:\Users\nicod\Documents\Nicolas\Universite\These\donnees\identification individuelle\Humbolt penguin\I3S Pattern_analyses\datasets\final_I3S_crop_test-unknown\Yobi\Yobi_018.fgp,Yobi,2184,Yobi,2373,Yobi,0.07143,13.99972001,Yobi
344,C:\Users\nicod\Documents\Nicolas\Universite\These\donnees\identification individuelle\Humbolt penguin\I3S Pattern_analyses\datasets\final_I3S_crop_test-unknown\Yobi\Yobi_022.fgp,Yobi,1861,Yobi,2080,Yobi,0.074179,13.4809043,Yobi
345,C:\Users\nicod\Documents\Nicolas\Universite\These\donnees\identification individuelle\Humbolt penguin\I3S Pattern_analyses\datasets\final_I3S_crop_test-unknown\Yobi\Yobi_024.fgp,Yobi,1534,Yobi,1986,Yobi,0.117294,8.525585281,Yobi
346,C:\Users\nicod\Documents\Nicolas\Universite\These\donnees\identification individuelle\Humbolt penguin\I3S Pattern_analyses\datasets\final_I3S_crop_test-unknown\Yobi\Yobi_025.fgp,Yobi,2973,Yobi,2787,Yobi,0.127273,7.85712602,Yobi
347,C:\Users\nicod\Documents\Nicolas\Universite\These\donnees\identification individuelle\Humbolt penguin\I3S Pattern_analyses\datasets\final_I3S_crop_test-unknown\Yobi\Yobi_029.fgp,Yobi,2771,Yobi,3214,Yobi,0.048952,20.42817454,Yobi
348,C:\Users\nicod\Documents\Nicolas\Universite\These\donnees\identification individuelle\Humbolt penguin\I3S Pattern_analyses\datasets\final_I3S_crop_test-unknown\Yobi\Yobi_037.fgp,Yobi,1408,Yobi,1139,Yobi,0.250001,3.999984,Adam
349,C:\Users\nicod\Documents\Nicolas\Universite\These\donnees\identification individuelle\Humbolt penguin\I3S Pattern_analyses\datasets\final_I3S_crop_test-unknown\Yobi\Yobi_048.fgp,Yobi,2312,Yobi,2985,Yakou,0.085719,11.66602504,Yobi
